held_out_region,method,support_size,r2_mean,r2_std,rmse_mean,rmse_std,n_query
Southern Seaboard,ridge,0,-0.15344800720601942,0.0009081906011972107,33.434469598810004,0.05158114013051906,2617
Southern Seaboard,mlp,0,-0.9786528245375246,0.14957957717646359,43.765488513249736,1.651867113349568,2617
Southern Seaboard,ridge_support_only,8,-0.40526899363634394,0.3073581948448402,36.729560027128336,3.934091586955976,2617
Southern Seaboard,ridge_support_only,16,-0.38613403159798765,0.19673677607041432,36.57301577656136,2.6005730980906514,2617
Southern Seaboard,ridge_support_only,32,-0.16793810376679516,0.06421825615401876,33.634329504293035,0.952938707249885,2617
Southern Seaboard,ridge_support_only,64,-0.048941900533922666,0.03929215291451479,31.87972892596696,0.6098701983600209,2617
Southern Seaboard,ridge_refit,8,-0.15355331881142567,0.0010008760840470058,33.435995624374115,0.05210618798415262,2617
Southern Seaboard,ridge_refit,16,-0.15351139320704904,0.0011002999630939558,33.43538554671702,0.05096321307736599,2617
Southern Seaboard,ridge_refit,32,-0.1529647067193937,0.0009837006616164672,33.42746252834341,0.050754680284293016,2617
Southern Seaboard,ridge_refit,64,-0.15164538422490267,0.0014788913476674395,33.40832255507415,0.04815735129816496,2617
Southern Seaboard,mlp_finetune,8,-0.6259396799378494,0.09049139545852883,39.68451520502164,1.1042911701318707,2617
Southern Seaboard,mlp_finetune,16,-0.6269412174904788,0.07579844202599141,39.70000670748374,0.9304002153711545,2617
Southern Seaboard,mlp_finetune,32,-0.620026847214195,0.10419298822065526,39.607991683997255,1.3199236504405014,2617
Southern Seaboard,mlp_finetune,64,-0.5810528322236267,0.09119648128204397,39.13261662050773,1.1849278638596394,2617
Southern Seaboard,ccpa_no_climate,8,-0.6579941204934712,0.08972260829098407,40.07402031552523,1.1123140038787225,2617
Southern Seaboard,ccpa_no_climate,16,-0.674672615835086,0.06704734718970091,40.280518997701606,0.8459053372053508,2617
Southern Seaboard,ccpa_no_climate,32,-0.6944002350219607,0.09094108656809417,40.51161751910425,1.0836314439185242,2617
Southern Seaboard,ccpa_no_climate,64,-0.709992486084491,0.06698754150891767,40.7034075875613,0.8386185236232212,2617
Southern Seaboard,ccpa,8,-0.7127354389769608,0.07714574350402419,40.73382059346159,0.9291776387381202,2617
Southern Seaboard,ccpa,16,-0.7282838751689921,0.06857272906277903,40.920199473861715,0.830757564826416,2617
Southern Seaboard,ccpa,32,-0.7525636773535088,0.08551117819479824,41.203064029875364,1.0017545865686983,2617
Southern Seaboard,ccpa,64,-0.7516500814201764,0.07916922297432177,41.1938195401027,0.9474698308060274,2617
Northern Crescent,ridge,0,-0.13110844991348594,0.003194503209284009,28.148076701957752,0.09870515685379762,2490
Northern Crescent,mlp,0,-0.27772920351532615,0.1133669910183254,29.890808181250588,1.274030903879915,2490
Northern Crescent,ridge_support_only,8,-0.28689149458796404,0.103603447140923,30.004499359169234,1.167514423116888,2490
Northern Crescent,ridge_support_only,16,-0.22874431625726016,0.2533811263242646,29.209134628192174,2.985047096723405,2490
Northern Crescent,ridge_support_only,32,-0.09142248709269216,0.0818190266308457,27.632938175007656,0.9686171556869382,2490
Northern Crescent,ridge_support_only,64,0.06159383431578684,0.07148792277067581,25.623517649241712,0.9612227771240819,2490
Northern Crescent,ridge_refit,8,-0.12884971014286467,0.003028666906064298,28.119960570040387,0.09803478687564099,2490
Northern Crescent,ridge_refit,16,-0.1278193841634208,0.004807883428603693,28.107119568577154,0.11651291022739502,2490
Northern Crescent,ridge_refit,32,-0.12551687424868047,0.006591773543565049,28.078394729001893,0.13620143926892941,2490
Northern Crescent,ridge_refit,64,-0.12040518550095869,0.008655645559813631,28.01453552667282,0.16322452282431527,2490
Northern Crescent,mlp_finetune,8,-0.14298773039122703,0.15097826736535472,28.248980395517897,1.793272374970175,2490
Northern Crescent,mlp_finetune,16,-0.2029311287551121,0.18344400913821102,28.965109528366817,2.117370721034162,2490
Northern Crescent,mlp_finetune,32,-0.11518978661992581,0.03545593196285977,27.946410462370647,0.44775643599691406,2490
Northern Crescent,mlp_finetune,64,-0.07742001756359818,0.02475501142442419,27.470498190654382,0.32598895438597353,2490
Northern Crescent,ccpa_no_climate,8,-0.2106355410478125,0.11077169423013565,29.095076628472675,1.2978553729789248,2490
Northern Crescent,ccpa_no_climate,16,-0.29109148629137666,0.10355385050723585,30.05262658217748,1.241029848005796,2490
Northern Crescent,ccpa_no_climate,32,-0.29910053851362406,0.10896977303471778,30.144650639357252,1.327280840178291,2490
Northern Crescent,ccpa_no_climate,64,-0.24307294788952136,0.07441641500617582,29.497853133353175,0.9226786116982921,2490
Northern Crescent,ccpa,8,-0.09217641953413591,0.060157087828544356,27.651005202036053,0.760034132687089,2490
Northern Crescent,ccpa,16,-0.21669956570133678,0.12873163606505922,29.1615902976734,1.5430320590759177,2490
Northern Crescent,ccpa,32,-0.14854793061322993,0.10496795837741212,28.342342575995964,1.2901155149478607,2490
Northern Crescent,ccpa,64,-0.12117092285620382,0.07288802554287135,28.01380291592117,0.9601424575177308,2490
Heartland,ridge,0,-0.6981598580067482,0.02217679784652236,38.862023410722564,0.12145735437423649,1413
Heartland,mlp,0,-0.004840499618989247,0.09392835989086609,29.86290527507175,1.219391174204705,1413
Heartland,ridge_support_only,8,-0.029999890652502526,0.20265021882792109,30.159169236518515,2.9058844626021103,1413
Heartland,ridge_support_only,16,-0.014808143596621859,0.28469290451464735,29.841614865110262,3.9480627718076953,1413
Heartland,ridge_support_only,32,0.10675599377011238,0.07460241789452958,28.168698053044533,1.2346641571667132,1413
Heartland,ridge_support_only,64,0.19378337329813528,0.017039640667392632,26.777078239880417,0.33548422435905634,1413
Heartland,ridge_refit,8,-0.6958381312451849,0.02251467448000904,38.835426423338866,0.13024277991106017,1413
Heartland,ridge_refit,16,-0.6933722242579481,0.023170395112509547,38.807098654280914,0.13088254212627967,1413
Heartland,ridge_refit,32,-0.6889105617318714,0.022450608132158,38.756036398543394,0.1365005131435824,1413
Heartland,ridge_refit,64,-0.6807290437794713,0.02401533089587003,38.66185266629846,0.14078673716492093,1413
Heartland,mlp_finetune,8,0.15417395596585806,0.07952460682596034,27.398479102376132,1.1157099232858205,1413
Heartland,mlp_finetune,16,0.16291465792495283,0.08049487280619501,27.256033837883177,1.1440494073985148,1413
Heartland,mlp_finetune,32,0.17584796002659134,0.04895348383670516,27.06320789424604,0.741407098892942,1413
Heartland,mlp_finetune,64,0.17314203534468503,0.04781293543353388,27.107441409808747,0.6989260239193426,1413
Heartland,ccpa_no_climate,8,-0.26877935902629163,0.073868985532744,33.57893917563573,0.883179830997941,1413
Heartland,ccpa_no_climate,16,-0.2999429069716313,0.07335480137210068,33.98814991542202,0.7636299734355623,1413
Heartland,ccpa_no_climate,32,-0.2883752885679582,0.054440894693608056,33.843610197981555,0.6471613518919702,1413
Heartland,ccpa_no_climate,64,-0.2968617879620296,0.04193045329568579,33.95679907033922,0.39081809509034326,1413
Heartland,ccpa,8,-0.1040591831991153,0.18489810379884272,31.24143201715192,2.5130371517922563,1413
Heartland,ccpa,16,-0.10621485500094888,0.18918490037949381,31.264546780588574,2.6006648964153354,1413
Heartland,ccpa,32,-0.03546430352170669,0.11312716737774324,30.305287336958504,1.5905153672044476,1413
Heartland,ccpa,64,-0.059413638534544864,0.1191512129702204,30.651239006056564,1.5514344092377952,1413
Northern Great Plains,ridge,0,-0.3248691304344752,0.010633424728127217,51.37484197393643,0.279845498795157,1362
Northern Great Plains,mlp,0,-0.7395021278418038,0.27581123155969456,58.71913052913108,4.840550131973817,1362
Northern Great Plains,ridge_support_only,8,-0.6589498215251075,0.5909579149821572,56.76493824048647,10.194847432594866,1362
Northern Great Plains,ridge_support_only,16,-0.3040483887091729,0.17307482579225053,50.88113271556566,3.4956087444254313,1362
Northern Great Plains,ridge_support_only,32,-0.09043113958876363,0.12637279241832172,46.54819331810071,2.7870463576861852,1362
Northern Great Plains,ridge_support_only,64,-0.06598162124177136,0.07527351790907419,46.06228387953193,1.681557204093121,1362
Northern Great Plains,ridge_refit,8,-0.3197183646902541,0.011327389849913678,51.274922843170394,0.3097429576170214,1362
Northern Great Plains,ridge_refit,16,-0.3162437256940866,0.012952364403315639,51.20729573734252,0.33935092269746775,1362
Northern Great Plains,ridge_refit,32,-0.3054383945768967,0.014319256267728925,50.9966088557133,0.36899405276755864,1362
Northern Great Plains,ridge_refit,64,-0.2864367997743202,0.024163518818741212,50.62310369043172,0.55272362760309,1362
Northern Great Plains,mlp_finetune,8,-0.21939242889122962,0.4408849583597594,48.673205757461744,8.85770001067344,1362
Northern Great Plains,mlp_finetune,16,-0.056518830722607175,0.2895983286819502,45.575758806659394,6.031522485968028,1362
Northern Great Plains,mlp_finetune,32,0.04224303949233277,0.14919141724604323,43.58365516372076,3.41874408500246,1362
Northern Great Plains,mlp_finetune,64,0.07063958307921854,0.10885648888941303,42.97395086502357,2.5850527665093916,1362
Northern Great Plains,ccpa_no_climate,8,-0.31132179351167716,0.23778578211338275,50.94488470142171,4.771407717526338,1362
Northern Great Plains,ccpa_no_climate,16,-0.33837320319723885,0.18987572261789004,51.53330441648062,3.7566958151015277,1362
Northern Great Plains,ccpa_no_climate,32,-0.2872341084659559,0.0943118499629318,50.61299033125566,1.8990187282419184,1362
Northern Great Plains,ccpa_no_climate,64,-0.25062073195492907,0.06432094995952631,49.90253513369812,1.3091003557382144,1362
Northern Great Plains,ccpa,8,-0.30206799189202693,0.3233067983951933,50.639435898019414,6.250278723715227,1362
Northern Great Plains,ccpa,16,-0.2711121785036764,0.25315390442920654,50.13908910880639,4.958365860005795,1362
Northern Great Plains,ccpa,32,-0.21711847782329277,0.1344879653401337,49.186136299570634,2.7451011711601603,1362
Northern Great Plains,ccpa,64,-0.181257813396451,0.12582081371612328,48.457565717179705,2.6117099227229055,1362
Prairie Gateway,ridge,0,-0.6114107897592518,0.03337610904515402,55.604282821810195,0.3150878942656282,390
Prairie Gateway,mlp,0,-0.6927739171205521,0.26640378394085207,56.8580321212249,4.5300332473713505,390
Prairie Gateway,ridge_support_only,8,0.15441049522725175,0.18056639112283407,40.096096942527666,4.077745108956418,390
Prairie Gateway,ridge_support_only,16,0.1941618374530011,0.20627674993991804,39.08997316931059,4.629453915542244,390
Prairie Gateway,ridge_support_only,32,0.24130480950489003,0.14957552850250241,38.016255755611425,3.511991447826973,390
Prairie Gateway,ridge_support_only,64,0.3283769546495129,0.026944754093753118,35.898136296065836,0.9065697691123804,390
Prairie Gateway,ridge_refit,8,-0.6032933736525813,0.036780101666021435,55.46322537719634,0.36980549951794667,390
Prairie Gateway,ridge_refit,16,-0.5936738919900794,0.03701134152750881,55.29643722020171,0.3645300304383814,390
Prairie Gateway,ridge_refit,32,-0.5780097346856223,0.04112310932254309,55.022482741765636,0.373859119016022,390
Prairie Gateway,ridge_refit,64,-0.5433879853745255,0.042208228695583425,54.41518713255274,0.43600839341419934,390
Prairie Gateway,mlp_finetune,8,-0.057495454690620895,0.17313856623845536,44.92855251163928,3.571896227653718,390
Prairie Gateway,mlp_finetune,16,-0.10036624290960275,0.13217215034547639,45.881680753312274,2.748296183313178,390
Prairie Gateway,mlp_finetune,32,-0.009024870060579305,0.09118297918855602,43.97482373120257,2.1415767578728695,390
Prairie Gateway,mlp_finetune,64,0.013843763822579324,0.10655420334973309,43.46537565100495,2.5518419535662833,390
Prairie Gateway,ccpa_no_climate,8,-0.32061184705248574,0.2558204431402617,50.13677701774439,4.642057167497406,390
Prairie Gateway,ccpa_no_climate,16,-0.3403025479176706,0.29441183867696386,50.463048133199074,5.341539882858773,390
Prairie Gateway,ccpa_no_climate,32,-0.358419022366479,0.2607383536946246,50.86001836915358,4.5828484063816415,390
Prairie Gateway,ccpa_no_climate,64,-0.3160566890450043,0.26059073677476113,50.05263771032833,4.754263074367768,390
Prairie Gateway,ccpa,8,-0.3807109916730238,0.14356866923107925,51.40356643220163,2.3145434545232124,390
Prairie Gateway,ccpa,16,-0.44242993209772796,0.10467906511760168,52.58414087132862,1.8992808997440473,390
Prairie Gateway,ccpa,32,-0.43360266213631854,0.1585095273783778,52.376386552563545,2.6283894582422653,390
Prairie Gateway,ccpa,64,-0.36983246449866986,0.1257834681243901,51.22668399572176,2.339347195090939,390
Basin and Range,ridge,0,-11.294181024706472,4.612882124996297,82.12209972990836,4.462412875638353,35
Basin and Range,mlp,0,-12.273512933828382,5.4375614707524775,84.65839787489642,5.6824260321219775,35
Basin and Range,ridge_support_only,8,-1.4840500618622499,1.1139484146583951,37.11113941003417,9.705454494744439,35
Basin and Range,ridge_support_only,16,-0.2204244472035021,0.29841071992576446,26.412143086965568,4.190844421663578,35
Basin and Range,ridge_support_only,32,-0.020781914473029572,0.21962238046924293,24.535551708372232,6.170320446929271,35
Basin and Range,ridge_support_only,64,-0.12268929470804575,0.15833096500129393,25.620729911555703,4.437405354719992,35
Basin and Range,ridge_refit,8,-10.5954819548662,4.312102694406927,79.7843679253221,4.417244013180062,35
Basin and Range,ridge_refit,16,-9.965633876692994,4.054615784543712,77.621373612166,4.4623579277754075,35
Basin and Range,ridge_refit,32,-8.822164194505358,3.5913214890285903,73.53416215522437,4.6873757715155415,35
Basin and Range,ridge_refit,64,-7.122755876419555,2.7748954376716846,67.0828463813865,5.206784133491524,35
Basin and Range,mlp_finetune,8,-1.8639098516015171,1.1589532500386182,39.4834002929457,5.888627800694988,35
Basin and Range,mlp_finetune,16,-1.7600554053173016,1.1962933005356167,38.702823579199936,7.7458584174327,35
Basin and Range,mlp_finetune,32,-1.6516800583888938,1.2543872970680359,37.53958122549705,7.149159789051789,35
Basin and Range,mlp_finetune,64,-1.6445229583642216,1.1394901640695072,37.65504647539546,5.22186437797903,35
Basin and Range,ccpa_no_climate,8,-2.0195942839698207,1.5017201892307661,40.48758739369803,8.063404067022761,35
Basin and Range,ccpa_no_climate,16,-2.067322134335826,1.6290111806086482,40.675279291046174,8.926075787502207,35
Basin and Range,ccpa_no_climate,32,-2.017597621911645,1.4559437562835853,40.83948844445636,11.619131904533871,35
Basin and Range,ccpa_no_climate,64,-2.1157732560665616,1.5595888257303776,41.10125831524281,9.086224771776955,35
Basin and Range,ccpa,8,-1.2598821228733397,0.7611832016349486,35.39857393425159,3.656546542825326,35
Basin and Range,ccpa,16,-1.2241989292312336,0.5830297328474189,35.40294224985002,3.6844806302705617,35
Basin and Range,ccpa,32,-1.305161674104862,0.7790733452404941,35.8078608947498,3.473356443183425,35
Basin and Range,ccpa,64,-1.1459072362215068,0.49469209884225596,34.924801675166634,4.105642769665072,35
MACRO,ridge,0,-2.2021962100044083,0.7674599874788566,48.25763237285755,0.8105498749713155,8307
MACRO,mlp,0,-2.4945019177437633,0.8995074601109081,50.625793749137415,1.5999566423345342,8307
MACRO,ridge_support_only,8,-0.45179162783948595,0.21439598269767893,38.47756720264407,1.7493921695436134,8307
MACRO,ridge_support_only,16,-0.1599995816519239,0.10780355088027749,35.3345023736176,1.168187080639759,8307
MACRO,ridge_support_only,32,-0.003752140274379691,0.06202815984739809,33.089327752404934,1.1928702145464096,8307
MACRO,ridge_support_only,64,0.05769022429661587,0.0417572416278299,31.976912483707093,1.016683894675286,8307
MACRO,ridge_refit,8,-2.0827891422347515,0.7174288053441134,47.81898312724037,0.8129921856975802,8307
MACRO,ridge_refit,16,-1.97504241600093,0.6743567768854072,47.41245172321422,0.8040243176619569,8307
MACRO,ridge_refit,32,-1.7788340777446372,0.5975237891345417,46.635857901432004,0.8448935674820066,8307
MACRO,ridge_refit,64,-1.484226712512289,0.45967318828152126,45.36764132540273,0.9409875203062419,8307
MACRO,mlp_finetune,8,-0.45925853159109764,0.19934145823780017,38.06952221082706,2.3591628623281258,8307
MACRO,mlp_finetune,16,-0.4306496945450249,0.17903854973881178,37.68023553548422,1.4669587043024035,8307
MACRO,mlp_finetune,32,-0.36297176046077834,0.21301751057419982,36.61927836017239,1.4880980898582545,8307
MACRO,mlp_finetune,64,-0.3408950709841606,0.191465552862819,36.300821535399145,1.2232052604795423,8307
MACRO,ccpa_no_climate,8,-0.6314894908502598,0.2770458381328391,40.71954753874963,1.8481792953236154,8307
MACRO,ccpa_no_climate,16,-0.668617482424805,0.2876751137834943,41.165487889337825,1.5953390145139312,8307
MACRO,ccpa_no_climate,32,-0.6575211358079371,0.2683698612772705,41.135395916884775,1.9338202925074697,8307
MACRO,ccpa_no_climate,64,-0.6553963165004227,0.28337291215533783,40.86908182508716,1.8112660840710157,8307
MACRO,ccpa,8,-0.4752720246914337,0.14004389519027174,39.51130567952036,1.5794963490090441,8307
MACRO,ccpa,16,-0.4981565559506526,0.09660792908493884,39.912084797018125,1.6602313840019451,8307
MACRO,ccpa,32,-0.4820764542588198,0.10910521429636978,39.53684628161896,1.2095901396111857,8307
MACRO,ccpa,64,-0.43820535948792544,0.04997160659082383,39.077985475024754,1.346798321205095,8307
