seed,held_out_region,method,support_size,r2,rmse,n_query
0,Southern Seaboard,ridge,0,-0.1535415181842683,33.490110295155205,2617
0,Southern Seaboard,mlp,0,-0.82495948709291,42.12370635552203,2617
0,Southern Seaboard,ridge_support_only,8,-0.4570114135831722,37.63842480859528,2617
0,Southern Seaboard,ridge_refit,8,-0.15403164425007332,33.49722431426317,2617
0,Southern Seaboard,mlp_finetune,8,-0.5622925029495933,38.97455247124959,2617
0,Southern Seaboard,ccpa_no_climate,8,-0.6445285966245902,39.98717079108573,2617
0,Southern Seaboard,ccpa,8,-0.7756628526661116,41.5508791632633,2617
0,Southern Seaboard,ridge_support_only,16,-0.38015525814786644,36.63227871893209,2617
0,Southern Seaboard,ridge_refit,16,-0.15382037638872315,33.494158015822705,2617
0,Southern Seaboard,mlp_finetune,16,-0.5655677923658085,39.01538544717243,2617
0,Southern Seaboard,ccpa_no_climate,16,-0.6678945052513363,40.270243132916775,2617
0,Southern Seaboard,ccpa,16,-0.8255788916333613,42.130854295412306,2617
0,Southern Seaboard,ridge_support_only,32,-0.2550421995265246,34.932456514984516,2617
0,Southern Seaboard,ridge_refit,32,-0.15290129502861327,33.48081538917292,2617
0,Southern Seaboard,mlp_finetune,32,-0.6098268680198455,39.563030282658566,2617
0,Southern Seaboard,ccpa_no_climate,32,-0.6719208786765793,40.31882093535926,2617
0,Southern Seaboard,ccpa,32,-0.8254239629753304,42.12906652955934,2617
0,Southern Seaboard,ridge_support_only,64,-0.11628102472504187,32.94478926702786,2617
0,Southern Seaboard,ridge_refit,64,-0.15188627153749978,33.466073755406036,2617
0,Southern Seaboard,mlp_finetune,64,-0.5908491268399287,39.329140884418706,2617
0,Southern Seaboard,ccpa_no_climate,64,-0.7110897660911972,40.788370882565275,2617
0,Southern Seaboard,ccpa,64,-0.8347577165625992,42.23663632127332,2617
0,Northern Crescent,ridge,0,-0.12686115439023027,28.08185417414526,2490
0,Northern Crescent,mlp,0,-0.34555828215811424,30.68610965706348,2490
0,Northern Crescent,ridge_support_only,8,-0.4619079052260937,31.985311386517193,2490
0,Northern Crescent,ridge_refit,8,-0.12454449407134982,28.052973247754306,2490
0,Northern Crescent,mlp_finetune,8,-0.40804833238303106,31.390581220849874,2490
0,Northern Crescent,ccpa_no_climate,8,-0.14725902733623797,28.33487607947593,2490
0,Northern Crescent,ccpa,8,-0.15252688490015132,28.399854055842773,2490
0,Northern Crescent,ridge_support_only,16,-0.3615776984131418,30.868234474642318,2490
0,Northern Crescent,ridge_refit,16,-0.12101002340371103,28.00885296443354,2490
0,Northern Crescent,mlp_finetune,16,-0.5240322278831904,32.657854607841855,2490
0,Northern Crescent,ccpa_no_climate,16,-0.1117926828978848,27.893465943836606,2490
0,Northern Crescent,ccpa,16,-0.38548210766253166,31.13802310722302,2490
0,Northern Crescent,ridge_support_only,32,-0.11776553300882497,27.968291193648934,2490
0,Northern Crescent,ridge_refit,32,-0.11823095230178038,27.97411335724028,2490
0,Northern Crescent,mlp_finetune,32,-0.14467821597391728,28.302987839625168,2490
0,Northern Crescent,ccpa_no_climate,32,-0.11180609341536929,27.89363416975251,2490
0,Northern Crescent,ccpa,32,-0.09444199735264713,27.67495674685993,2490
0,Northern Crescent,ridge_support_only,64,-0.03677528806868713,26.935987034030692,2490
0,Northern Crescent,ridge_refit,64,-0.11027393798945684,27.87440774294581,2490
0,Northern Crescent,mlp_finetune,64,-0.08796653605037186,27.592963375723656,2490
0,Northern Crescent,ccpa_no_climate,64,-0.11399008649366293,27.921017369317177,2490
0,Northern Crescent,ccpa,64,-0.077674684574637,27.46214249770899,2490
0,Heartland,ridge,0,-0.7306704472419769,38.84417010611744,1413
0,Heartland,mlp,0,-0.14026504404619322,31.529825256862583,1413
0,Heartland,ridge_support_only,8,0.08843480470304277,28.191132701009675,1413
0,Heartland,ridge_refit,8,-0.7282175258874537,38.81663295145096,1413
0,Heartland,mlp_finetune,8,0.03316601128004615,29.033180435789635,1413
0,Heartland,ccpa_no_climate,8,-0.33972782884219366,34.1764498706894,1413
0,Heartland,ccpa,8,-0.3638125706638029,34.48228229859227,1413
0,Heartland,ridge_support_only,16,0.11957857699522989,27.705370302999192,1413
0,Heartland,ridge_refit,16,-0.7270173630073895,38.80315248036302,1413
0,Heartland,mlp_finetune,16,0.033816111522069536,29.023417823117597,1413
0,Heartland,ccpa_no_climate,16,-0.41341853921688654,35.1037934211311,1413
0,Heartland,ccpa,16,-0.3635669829694679,34.479177471118845,1413
0,Heartland,ridge_support_only,32,0.1277036501276687,27.577232843092155,1413
0,Heartland,ridge_refit,32,-0.7200944528083981,38.72530135547217,1413
0,Heartland,mlp_finetune,32,0.1451059854603054,27.30076374132383,1413
0,Heartland,ccpa_no_climate,32,-0.28653253569626025,33.491071723443554,1413
0,Heartland,ccpa,32,-0.12274071486083504,31.28660178185391,1413
0,Heartland,ridge_support_only,64,0.1878462012357508,26.60956643730768,1413
0,Heartland,ridge_refit,64,-0.7146871354944435,38.664384694860075,1413
0,Heartland,mlp_finetune,64,0.134034665781941,27.476974577001307,1413
0,Heartland,ccpa_no_climate,64,-0.3384323022566431,34.159921435750306,1413
0,Heartland,ccpa,64,-0.23366610859339798,32.795743070166644,1413
0,Northern Great Plains,ridge,0,-0.31267399067908275,51.014292877113554,1362
0,Northern Great Plains,mlp,0,-0.326892549264985,51.289835807632855,1362
0,Northern Great Plains,ridge_support_only,8,-0.9604797287435138,62.34399222745583,1362
0,Northern Great Plains,ridge_refit,8,-0.3054266599016775,50.87327188574203,1362
0,Northern Great Plains,mlp_finetune,8,0.17051331534042535,40.55254739106657,1362
0,Northern Great Plains,ccpa_no_climate,8,-0.1536238945870232,47.823961984568406,1362
0,Northern Great Plains,ccpa,8,-0.08076585196631436,46.28915342878246,1362
0,Northern Great Plains,ridge_support_only,16,-0.29154466392973233,50.60205400294791,1362
0,Northern Great Plains,ridge_refit,16,-0.30267122628262455,50.819553060933124,1362
0,Northern Great Plains,mlp_finetune,16,0.16367201016599198,40.71943533754084,1362
0,Northern Great Plains,ccpa_no_climate,16,-0.3161918684438949,51.08260457223803,1362
0,Northern Great Plains,ccpa,16,-0.13899153092773586,47.519698716492194,1362
0,Northern Great Plains,ridge_support_only,32,0.014546438943008222,44.200940740709754,1362
0,Northern Great Plains,ridge_refit,32,-0.2889227036724984,50.550664382737565,1362
0,Northern Great Plains,mlp_finetune,32,0.17147823572652965,40.52895366330893,1362
0,Northern Great Plains,ccpa_no_climate,32,-0.34410661458523717,51.62146080431702,1362
0,Northern Great Plains,ccpa,32,-0.18484558104726823,48.466795655121516,1362
0,Northern Great Plains,ridge_support_only,64,-0.03284319895583421,45.25125496495154,1362
0,Northern Great Plains,ridge_refit,64,-0.25822253641853443,49.94501649537984,1362
0,Northern Great Plains,mlp_finetune,64,0.1932865440026299,39.991996116384385,1362
0,Northern Great Plains,ccpa_no_climate,64,-0.23723579244654158,49.52673160567177,1362
0,Northern Great Plains,ccpa,64,-0.09946327948073574,46.687841475491524,1362
0,Prairie Gateway,ridge,0,-0.5614383970579782,55.34542941693165,390
0,Prairie Gateway,mlp,0,-0.8431946541352697,60.13190118133864,390
0,Prairie Gateway,ridge_support_only,8,0.22956390114810343,38.876543568262484,390
0,Prairie Gateway,ridge_refit,8,-0.546267491262884,55.07590557657016,390
0,Prairie Gateway,mlp_finetune,8,-0.03645552648533501,45.09149866586636,390
0,Prairie Gateway,ccpa_no_climate,8,-0.021155815911544584,44.75745066242164,390
0,Prairie Gateway,ccpa,8,-0.20738581457690652,48.66787327675454,390
0,Prairie Gateway,ridge_support_only,16,0.2954082693488226,37.17817821801204,390
0,Prairie Gateway,ridge_refit,16,-0.5394265378974956,54.95393788539387,390
0,Prairie Gateway,mlp_finetune,16,-0.1872086685944261,48.25950505594291,390
0,Prairie Gateway,ccpa_no_climate,16,-0.03535516375917247,45.06755640340785,390
0,Prairie Gateway,ccpa,16,-0.4098534760957726,52.590381797714706,390
0,Prairie Gateway,ridge_support_only,32,0.2916591469870803,37.27695926228882,390
0,Prairie Gateway,ridge_refit,32,-0.5130575484685584,54.48124924090287,390
0,Prairie Gateway,mlp_finetune,32,-0.1463464922767841,47.42171839458866,390
0,Prairie Gateway,ccpa_no_climate,32,-0.10507561522886122,46.56025304170212,390
0,Prairie Gateway,ccpa,32,-0.24352702716237173,49.390900962732076,390
0,Prairie Gateway,ridge_support_only,64,0.28460165689122674,37.462201802041896,390
0,Prairie Gateway,ridge_refit,64,-0.47931811278686176,53.870390214758466,390
0,Prairie Gateway,mlp_finetune,64,-0.17241537888257952,47.95789221612546,390
0,Prairie Gateway,ccpa_no_climate,64,-0.08617674157800304,46.16040212330185,390
0,Prairie Gateway,ccpa,64,-0.23780148234931908,49.27706504564251,390
0,Basin and Range,ridge,0,-10.526833472103998,80.2257344524279,35
0,Basin and Range,mlp,0,-11.372896495936082,83.11786555875882,35
0,Basin and Range,ridge_support_only,8,-2.5581271523098423,44.572749445020655,35
0,Basin and Range,ridge_refit,8,-9.789023127857755,77.61573137881606,35
0,Basin and Range,mlp_finetune,8,-2.125057403007589,41.7722329990897,35
0,Basin and Range,ccpa_no_climate,8,-1.2324190383674773,35.30584018322892,35
0,Basin and Range,ccpa,8,-0.7016242419094512,30.824108464743762,35
0,Basin and Range,ridge_support_only,16,0.13248230990903875,22.008875918202662,35
0,Basin and Range,ridge_refit,16,-9.252437644568024,75.66103196625133,35
0,Basin and Range,mlp_finetune,16,-1.7859755159532695,39.440947529428115,35
0,Basin and Range,ccpa_no_climate,16,-1.1391500287675744,34.560444106130646,35
0,Basin and Range,ccpa,16,-1.1227188803989105,34.42745613056224,35
0,Basin and Range,ridge_support_only,32,0.3021066019772891,19.740276758576538,35
0,Basin and Range,ridge_refit,32,-8.04040213478548,71.04811610725899,35
0,Basin and Range,mlp_finetune,32,-1.7519037152386598,39.19902902110508,35
0,Basin and Range,ccpa_no_climate,32,-1.2833977576571902,35.70668048134092,35
0,Basin and Range,ccpa,32,-1.0274061279670241,33.64566137015533,35
0,Basin and Range,ridge_support_only,64,-0.28840598571810827,26.821623324085103,35
0,Basin and Range,ridge_refit,64,-6.686051893984579,65.51041465873713,35
0,Basin and Range,mlp_finetune,64,-1.8194747071582418,39.67736235340278,35
0,Basin and Range,ccpa_no_climate,64,-1.5753416676716667,37.92068025279917,35
0,Basin and Range,ccpa,64,-1.426877661204911,36.811425389083126,35
1,Southern Seaboard,ridge,0,-0.15479464748897098,33.403416460893,2617
1,Southern Seaboard,mlp,0,-1.1100005252799812,45.152290764236426,2617
1,Southern Seaboard,ridge_support_only,8,-0.871972179853683,42.5292968241394,2617
1,Southern Seaboard,ridge_refit,8,-0.15455067799782896,33.39988776208743,2617
1,Southern Seaboard,mlp_finetune,8,-0.5978900887842742,39.29270779444391,2617
1,Southern Seaboard,ccpa_no_climate,8,-0.7482741388206122,41.10013740032936,2617
1,Southern Seaboard,ccpa,8,-0.8094854671203771,41.81345523824478,2617
1,Southern Seaboard,ridge_support_only,16,-0.4915552464221964,37.962794943274766,2617
1,Southern Seaboard,ridge_refit,16,-0.15457294078631012,33.4002097795901,2617
1,Southern Seaboard,mlp_finetune,16,-0.6509280452383706,39.939495954290145,2617
1,Southern Seaboard,ccpa_no_climate,16,-0.7311880390187371,40.89880591522266,2617
1,Southern Seaboard,ccpa,16,-0.7483212635495209,41.10069132369253,2617
1,Southern Seaboard,ridge_support_only,32,-0.20578062431965227,34.13285827828622,2617
1,Southern Seaboard,ridge_refit,32,-0.15342778824295644,33.3836418250689,2617
1,Southern Seaboard,mlp_finetune,32,-0.6775191037155317,40.25985852251101,2617
1,Southern Seaboard,ccpa_no_climate,32,-0.8316583474196919,42.06885984034996,2617
1,Southern Seaboard,ccpa,32,-0.8621307012322752,42.41735532982054,2617
1,Southern Seaboard,ridge_support_only,64,-0.04429645621273881,31.76511333483799,2617
1,Southern Seaboard,ridge_refit,64,-0.15352120747748987,33.38499371339348,2617
1,Southern Seaboard,mlp_finetune,64,-0.4978759125034502,38.043146134707804,2617
1,Southern Seaboard,ccpa_no_climate,64,-0.7534298200868121,41.160695184242435,2617
1,Southern Seaboard,ccpa,64,-0.6555804018449649,39.99573161406365,2617
1,Northern Crescent,ridge,0,-0.13253014223944315,28.271269373968774,2490
1,Northern Crescent,mlp,0,-0.1580895592518492,28.588508418607617,2490
1,Northern Crescent,ridge_support_only,8,-0.24544954750963144,29.64718705274366,2490
1,Northern Crescent,ridge_refit,8,-0.1307894075969862,28.249534101283636,2490
1,Northern Crescent,mlp_finetune,8,-0.07297038780593512,27.51783688755286,2490
1,Northern Crescent,ccpa_no_climate,8,-0.19468481434553686,29.036689168627756,2490
1,Northern Crescent,ccpa,8,-0.06316318721165026,27.391788461932446,2490
1,Northern Crescent,ridge_support_only,16,-0.19885223611097236,29.087289454329984,2490
1,Northern Crescent,ridge_refit,16,-0.13090439252194686,28.25097034925592,2490
1,Northern Crescent,mlp_finetune,16,-0.08168041687294281,27.62930161785374,2490
1,Northern Crescent,ccpa_no_climate,16,-0.333873172611433,30.68157804009847,2490
1,Northern Crescent,ccpa,16,-0.14054262754064473,28.37110066251831,2490
1,Northern Crescent,ridge_support_only,32,-0.03348990698741927,27.006825835498635,2490
1,Northern Crescent,ridge_refit,32,-0.1281488016604968,28.21653083527857,2490
1,Northern Crescent,mlp_finetune,32,-0.07832029296483256,27.58635451194259,2490
1,Northern Crescent,ccpa_no_climate,32,-0.39163604473245783,31.338864620437917,2490
1,Northern Crescent,ccpa,32,-0.15395325813031224,28.53740854673147,2490
1,Northern Crescent,ridge_support_only,64,0.1216143048541134,24.897919080534653,2490
1,Northern Crescent,ridge_refit,64,-0.12581472111166314,28.187326462589702,2490
1,Northern Crescent,mlp_finetune,64,-0.07120833915471803,27.49523249365383,2490
1,Northern Crescent,ccpa_no_climate,64,-0.29972003154551397,30.286237945490775,2490
1,Northern Crescent,ccpa,64,-0.2175389192162056,29.313106787761132,2490
1,Heartland,ridge,0,-0.6823656673778666,38.74165611209227,1413
1,Heartland,mlp,0,-0.03588713577971436,30.400043372653922,1413
1,Heartland,ridge_support_only,8,-0.35945032858923365,34.82568402620017,1413
1,Heartland,ridge_refit,8,-0.6781775807889259,38.69340426115074,1413
1,Heartland,mlp_finetune,8,0.22004341130206018,26.37868846833684,1413
1,Heartland,ccpa_no_climate,8,-0.1954773041790936,32.65792979650561,1413
1,Heartland,ccpa,8,0.1308210666436409,27.846625817951324,1413
1,Heartland,ridge_support_only,16,-0.520838092091652,36.8348982193986,1413
1,Heartland,ridge_refit,16,-0.6744015618354915,38.649848290098305,1413
1,Heartland,mlp_finetune,16,0.2459533723219135,25.936841276726575,1413
1,Heartland,ccpa_no_climate,16,-0.22479010918177744,33.05588725741238,1413
1,Heartland,ccpa,16,0.168370701433729,27.23848032362213,1413
1,Heartland,ridge_support_only,32,-0.005109193755251429,29.94501990385224,1413
1,Heartland,ridge_refit,32,-0.6703363446869868,38.60290151459128,1413
1,Heartland,mlp_finetune,32,0.2121755634434398,26.51140273269802,1413
1,Heartland,ccpa_no_climate,32,-0.304926691102513,34.12015854288485,1413
1,Heartland,ccpa,32,0.1307788831323894,27.847301544292783,1413
1,Heartland,ridge_support_only,64,0.21992146232058118,26.380750588528056,1413
1,Heartland,ridge_refit,64,-0.6610684996756002,38.495658636289924,1413
1,Heartland,mlp_finetune,64,0.18787977336143769,26.917092497006355,1413
1,Heartland,ccpa_no_climate,64,-0.29013796786970536,33.926265896505896,1413
1,Heartland,ccpa,64,0.065883980279275,28.868112786196452,1413
1,Northern Great Plains,ridge,0,-0.31580880781115206,51.17183795863625,1362
1,Northern Great Plains,mlp,0,-0.7286344973240999,58.652456926444046,1362
1,Northern Great Plains,ridge_support_only,8,-0.5886327681275976,56.227189964957546,1362
1,Northern Great Plains,ridge_refit,8,-0.3111287002577754,51.08075214149232,1362
1,Northern Great Plains,mlp_finetune,8,0.04474506325671823,43.60078081319617,1362
1,Northern Great Plains,ccpa_no_climate,8,-0.34550888140059177,51.74613363943989,1362
1,Northern Great Plains,ccpa,8,-0.21832206753257277,49.239731572025754,1362
1,Northern Great Plains,ridge_support_only,16,-0.24037806554371133,49.68344025117561,1362
1,Northern Great Plains,ridge_refit,16,-0.3076099326851096,51.01216160101047,1362
1,Northern Great Plains,mlp_finetune,16,0.0693913122547477,43.03463984128125,1362
1,Northern Great Plains,ccpa_no_climate,16,-0.3706801373295925,52.22791409358091,1362
1,Northern Great Plains,ccpa,16,-0.1289604728577829,47.39952502031715,1362
1,Northern Great Plains,ridge_support_only,32,-0.14930929631023004,47.82479104212312,1362
1,Northern Great Plains,ridge_refit,32,-0.2960627098812738,50.786423406580695,1362
1,Northern Great Plains,mlp_finetune,32,0.12905659021286153,41.63222193501156,1362
1,Northern Great Plains,ccpa_no_climate,32,-0.2900063108205597,50.66762397878523,1362
1,Northern Great Plains,ccpa,32,-0.07667736411412873,46.28895886409895,1362
1,Northern Great Plains,ridge_support_only,64,0.005842491780682635,44.47973793294466,1362
1,Northern Great Plains,ridge_refit,64,-0.26768519479481867,50.22735753809975,1362
1,Northern Great Plains,mlp_finetune,64,0.13278976827741307,41.54290074550805,1362
1,Northern Great Plains,ccpa_no_climate,64,-0.2377015881282798,49.62980804785831,1362
1,Northern Great Plains,ccpa,64,-0.043944319557640554,45.579891720532494,1362
1,Prairie Gateway,ridge,0,-0.6194338189027773,55.23494379374258,390
1,Prairie Gateway,mlp,0,-0.5295673493804223,53.68050791537862,390
1,Prairie Gateway,ridge_support_only,8,0.04797077655045656,42.35039389642057,390
1,Prairie Gateway,ridge_refit,8,-0.6120918539749178,55.109593286164035,390
1,Prairie Gateway,mlp_finetune,8,0.11289605406602699,40.88081729539788,390
1,Prairie Gateway,ccpa_no_climate,8,-0.4872763479353739,52.933200056396835,390
1,Prairie Gateway,ccpa,8,-0.37959084507189655,50.98089623781037,390
1,Prairie Gateway,ridge_support_only,16,0.3042632876705377,36.2038514697345,390
1,Prairie Gateway,ridge_refit,16,-0.6010718110531568,54.920909397892544,390
1,Prairie Gateway,mlp_finetune,16,0.014818140851143635,43.08147036651925,390
1,Prairie Gateway,ccpa_no_climate,16,-0.48365717614324666,52.8687564067256,390
1,Prairie Gateway,ccpa,16,-0.3061580401949455,49.60553960674907,390
1,Prairie Gateway,ridge_support_only,32,0.2538190469095052,37.493362752684924,390
1,Prairie Gateway,ridge_refit,32,-0.5942286048564853,54.803413868183675,390
1,Prairie Gateway,mlp_finetune,32,0.05678541148355554,42.15388135274154,390
1,Prairie Gateway,ccpa_no_climate,32,-0.4937377447369127,53.048058246670365,390
1,Prairie Gateway,ccpa,32,-0.3369929813811865,50.187651992848444,390
1,Prairie Gateway,ridge_support_only,64,0.3202743607199775,35.78484497202454,390
1,Prairie Gateway,ridge_refit,64,-0.5518512104066435,54.070122539545615,390
1,Prairie Gateway,mlp_finetune,64,0.02183207642925944,42.92783862894268,390
1,Prairie Gateway,ccpa_no_climate,64,-0.46537081836581495,52.54193750314091,390
1,Prairie Gateway,ccpa,64,-0.2408971909406239,48.350415983351915,390
1,Basin and Range,ridge,0,-19.294044558364956,77.77948777720562,35
1,Basin and Range,mlp,0,-20.94038349318427,80.87287475743682,35
1,Basin and Range,ridge_support_only,8,-1.3933492271179473,26.710610274799983,35
1,Basin and Range,ridge_refit,8,-18.064538655684565,75.38655961522343,35
1,Basin and Range,mlp_finetune,8,-3.450342302541692,36.42314830615252,35
1,Basin and Range,ccpa_no_climate,8,-4.53907702108499,40.63492626023881,35
1,Basin and Range,ccpa,8,-2.4642740733115382,32.135635720828496,35
1,Basin and Range,ridge_support_only,16,-0.6236426235190533,22.000167929334353,35
1,Basin and Range,ridge_refit,16,-17.00326550411533,73.25822927167434,35
1,Basin and Range,mlp_finetune,16,-3.1665728994456437,35.24278872141798,35
1,Basin and Range,ccpa_no_climate,16,-4.764337725199986,41.45295383772623,35
1,Basin and Range,ccpa,16,-2.096970032574959,30.3843027989886,35
1,Basin and Range,ridge_support_only,32,-0.1430124331806255,18.458918452213005,35
1,Basin and Range,ridge_refit,32,-15.087964785309012,69.25184166943811,35
1,Basin and Range,mlp_finetune,32,-3.0409154736410047,34.70728619696504,35
1,Basin and Range,ccpa_no_climate,32,-3.9703652449621982,38.49239429867237,35
1,Basin and Range,ccpa,32,-2.668144078343402,33.067698313746746,35
1,Basin and Range,ridge_support_only,64,-0.12455896551748102,18.309306298659333,35
1,Basin and Range,ridge_refit,64,-11.915396787526248,62.048980546149146,35
1,Basin and Range,mlp_finetune,64,-3.1384740768897235,35.123751310419564,35
1,Basin and Range,ccpa_no_climate,64,-4.6274901183945945,40.95794368007767,35
1,Basin and Range,ccpa,64,-1.8695011085490463,29.247178277169102,35
2,Southern Seaboard,ridge,0,-0.1524661036328312,33.44480358990375,2617
2,Southern Seaboard,mlp,0,-1.152307050638314,45.70531260016132,2617
2,Southern Seaboard,ridge_support_only,8,-0.07508182797193919,32.30244011208342,2617
2,Southern Seaboard,ridge_refit,8,-0.15212869864182266,33.439907450368544,2617
2,Southern Seaboard,mlp_finetune,8,-0.784898680316799,41.621847501150384,2617
2,Southern Seaboard,ccpa_no_climate,8,-0.7324441742704171,41.005696588568426,2617
2,Southern Seaboard,ccpa,8,-0.674026123036688,40.30841162385151,2617
2,Southern Seaboard,ridge_support_only,16,-0.09487966960962546,32.59851114754524,2617
2,Southern Seaboard,ridge_refit,16,-0.15182211807919477,33.435457987492896,2617
2,Southern Seaboard,mlp_finetune,16,-0.7459332209391709,41.16502502536247,2617
2,Southern Seaboard,ccpa_no_climate,16,-0.7234088937727454,40.89862753897031,2617
2,Southern Seaboard,ccpa,16,-0.7374040559135704,41.06435303598521,2617
2,Southern Seaboard,ridge_support_only,32,-0.1324278776472363,33.152771894161404,2617
2,Southern Seaboard,ridge_refit,32,-0.1514368562963111,33.42986576918172,2617
2,Southern Seaboard,mlp_finetune,32,-0.7367891315867703,41.05708538161124,2617
2,Southern Seaboard,ccpa_no_climate,32,-0.7148042707151245,40.796400598715124,2617
2,Southern Seaboard,ccpa,32,-0.6728442144671383,40.29417968673395,2617
2,Southern Seaboard,ridge_support_only,64,-0.017267406206613822,31.421877726224576,2617
2,Southern Seaboard,ridge_refit,64,-0.14964239460659434,33.40380615345251,2617
2,Southern Seaboard,mlp_finetune,64,-0.6974926613117438,40.589950542376165,2617
2,Southern Seaboard,ccpa_no_climate,64,-0.7765569638702559,41.524473834775904,2617
2,Southern Seaboard,ccpa,64,-0.7823913326143843,41.592602950502574,2617
2,Northern Crescent,ridge,0,-0.12862757769634325,28.0191586523316,2490
2,Northern Crescent,mlp,0,-0.40070532886468935,31.21426778331916,2490
2,Northern Crescent,ridge_support_only,8,-0.2944241208007987,30.006687813423643,2490
2,Northern Crescent,ridge_refit,8,-0.1268653013276395,27.997275086787802,2490
2,Northern Crescent,mlp_finetune,8,-0.08669096047116365,27.493674618739647,2490
2,Northern Crescent,ccpa_no_climate,8,-0.3493804555043625,30.637051677642667,2490
2,Northern Crescent,ccpa,8,-0.05423226505434964,27.07995343680563,2490
2,Northern Crescent,ridge_support_only,16,-0.5754830758267477,33.10446948482983,2490
2,Northern Crescent,ridge_refit,16,-0.12454698133890707,27.968460613501367,2490
2,Northern Crescent,mlp_finetune,16,-0.08997634363908813,27.535203945249762,2490
2,Northern Crescent,ccpa_no_climate,16,-0.35069540580154146,30.65197570824277,2490
2,Northern Crescent,ccpa,16,-0.07573367653725604,27.35471181030157,2490
2,Northern Crescent,ridge_support_only,32,-0.2180511375151839,29.10801045327319,2490
2,Northern Crescent,ridge_refit,32,-0.11905944920005163,27.900137314677945,2490
2,Northern Crescent,mlp_finetune,32,-0.07651748667318592,27.364675705947754,2490
2,Northern Crescent,ccpa_no_climate,32,-0.3068264934722795,30.150097893000165,2490
2,Northern Crescent,ccpa,32,-0.06832877139611249,27.26039997521216,2490
2,Northern Crescent,ridge_support_only,64,0.1124302152129989,24.84740369478244,2490
2,Northern Crescent,ridge_refit,64,-0.1122611886800271,27.81526186666358,2490
2,Northern Crescent,mlp_finetune,64,-0.06354580099697826,27.19930831816333,2490
2,Northern Crescent,ccpa_no_climate,64,-0.2646834325982499,29.659967856164005,2490
2,Northern Crescent,ccpa,64,-0.06825582153332888,27.25946923345916,2490
2,Heartland,ridge,0,-0.707542218574498,39.059109223679805,1413
2,Heartland,mlp,0,0.011713032670655155,29.71516482804428,1413
2,Heartland,ridge_support_only,8,0.14322628650668645,27.6674845571703,1413
2,Heartland,ridge_refit,8,-0.7061673936242014,39.0433818669354,1413
2,Heartland,mlp_finetune,8,0.13836042386847558,27.74593909715921,1413
2,Heartland,ccpa_no_climate,8,-0.19014391612891623,32.60891508843694,1413
2,Heartland,ccpa,8,-0.007571529353104012,30.00368194668993,1413
2,Heartland,ridge_support_only,16,0.15968211078575212,27.40049534438812,1413
2,Heartland,ridge_refit,16,-0.7031257387455212,39.008564219899846,1413
2,Heartland,mlp_finetune,16,0.15528843294570938,27.472034933564707,1413
2,Heartland,ccpa_no_climate,16,-0.28588635788930805,33.89517682481398,1413
2,Heartland,ccpa,16,-0.0822516504675137,31.09572864897622,1413
2,Heartland,ridge_support_only,32,0.10620710144872669,28.258887424578973,1413
2,Heartland,ridge_refit,32,-0.7001927132851624,38.97496059017042,1413
2,Heartland,mlp_finetune,32,0.10691414952521938,28.2477079080268,1413
2,Heartland,ccpa_no_climate,32,-0.2906190214587754,33.957494594371454,1413
2,Heartland,ccpa,32,-0.09170198210896197,31.2311990912094,1413
2,Heartland,ridge_support_only,64,0.17550268576960715,27.14133666334511,1413
2,Heartland,ridge_refit,64,-0.6921859040324778,38.88307884449079,1413
2,Heartland,mlp_finetune,64,0.11630021543835822,28.098878344166362,1413
2,Heartland,ccpa_no_climate,64,-0.31635194539294,34.29435342762784,1413
2,Heartland,ccpa,64,-0.10715432487059973,31.451451263716457,1413
2,Northern Great Plains,ridge,0,-0.3254144991231722,51.479533749460295,1362
2,Northern Great Plains,mlp,0,-0.7100000567149811,58.47319286444774,1362
2,Northern Great Plains,ridge_support_only,8,-1.4982583889873848,70.67688877992664,1362
2,Northern Great Plains,ridge_refit,8,-0.32586213269176434,51.48822613289201,1362
2,Northern Great Plains,mlp_finetune,8,-0.7316612441430348,58.842377904832695,1362
2,Northern Great Plains,ccpa_no_climate,8,-0.5972681328513758,56.51290856472193,1362
2,Northern Great Plains,ccpa,8,-0.7981238156779733,59.960955221074464,1362
2,Northern Great Plains,ridge_support_only,16,-0.42898153015552,53.45299623405699,1362
2,Northern Great Plains,ridge_refit,16,-0.3189441152102419,51.3537241013994,1362
2,Northern Great Plains,mlp_finetune,16,-0.08589405676040629,46.59641175968601,1362
2,Northern Great Plains,ccpa_no_climate,16,-0.3420818812350179,51.80220579374743,1362
2,Northern Great Plains,ccpa,16,-0.37678005155222105,52.46757942837394,1362
2,Northern Great Plains,ridge_support_only,32,-0.24135885829842318,49.82042409167377,1362
2,Northern Great Plains,ridge_refit,32,-0.3104638827421453,51.18836691234677,1362
2,Northern Great Plains,mlp_finetune,32,-0.04504835233258375,45.71165430481725,1362
2,Northern Great Plains,ccpa_no_climate,32,-0.26400574071215654,50.27282257601232,1362
2,Northern Great Plains,ccpa,32,-0.24439893248698374,49.881391622574775,1362
2,Northern Great Plains,ridge_support_only,64,-0.18033226369777133,48.580377530649145,1362
2,Northern Great Plains,ridge_refit,64,-0.2898229791853648,50.78363705591281,1362
2,Northern Great Plains,mlp_finetune,64,-0.0020712060164835844,44.76185105712503,1362
2,Northern Great Plains,ccpa_no_climate,64,-0.1951395384958976,48.88414835116271,1362
2,Northern Great Plains,ccpa,64,-0.13479639458025194,47.63407322166953,1362
2,Prairie Gateway,ridge,0,-0.6381321734383509,55.93765774862267,390
2,Prairie Gateway,mlp,0,-0.36706866446052766,51.10047906970552,390
2,Prairie Gateway,ridge_support_only,8,-0.1097672143695736,46.04110651414548,390
2,Prairie Gateway,ridge_refit,8,-0.6343933616296931,55.87378627089419,390
2,Prairie Gateway,mlp_finetune,8,-0.32196288496237657,50.25039020126161,390
2,Prairie Gateway,ccpa_no_climate,8,-0.6640323143254321,56.378132404006436,390
2,Prairie Gateway,ccpa,8,-0.5495429949288286,54.40409908148333,390
2,Prairie Gateway,ridge_support_only,16,-0.16899986121816024,47.25383246088757,390
2,Prairie Gateway,ridge_refit,16,-0.6280526353473905,55.76529810808806,390
2,Prairie Gateway,mlp_finetune,16,-0.17004471962641898,47.27494560988989,390
2,Prairie Gateway,ccpa_no_climate,16,-0.766579905471104,58.08934110805392,390
2,Prairie Gateway,ccpa,16,-0.5638154488825713,54.654076074038755,390
2,Prairie Gateway,ridge_support_only,32,-0.017833939887903272,44.09286021760509,390
2,Prairie Gateway,ridge_refit,32,-0.6046438633316615,55.36293901398187,390
2,Prairie Gateway,mlp_finetune,32,0.04228748483011524,42.770801496405575,390
2,Prairie Gateway,ccpa_no_climate,32,-0.7483813325762168,57.78936039901239,390
2,Prairie Gateway,ccpa,32,-0.5000538479872143,53.528273027140976,390
2,Prairie Gateway,ridge_support_only,64,0.3443061295618747,35.3899842427082,390
2,Prairie Gateway,ridge_refit,64,-0.5799122372925394,54.934640761136954,390
2,Prairie Gateway,mlp_finetune,64,0.06670643547984412,42.22201376086494,390
2,Prairie Gateway,ccpa_no_climate,64,-0.690521987584295,56.825101383191665,390
2,Prairie Gateway,ccpa,64,-0.5222750944692927,53.923289580950474,390
2,Basin and Range,ridge,0,-10.134304880301801,85.05006631995565,35
2,Basin and Range,mlp,0,-9.432530762478585,82.32617522660132,35
2,Basin and Range,ridge_support_only,8,-0.1795496008446571,27.6822385021589,35
2,Basin and Range,ridge_refit,8,-9.636851451575906,83.1284435657914,35
2,Basin and Range,mlp_finetune,8,-2.2608691045956997,46.02669437579019,35
2,Basin and Range,ccpa_no_climate,8,-1.234315316331703,38.09915410817379,35
2,Basin and Range,ccpa,8,-1.2963625728181292,38.624541052269635,35
2,Basin and Range,ridge_support_only,16,-0.16391214762615247,27.498132642878446,35
2,Basin and Range,ridge_refit,16,-8.97855398712064,80.51502048486955,35
2,Basin and Range,mlp_finetune,16,-2.645531870450849,48.66576467691956,35
2,Basin and Range,ccpa_no_climate,16,-0.9812337764845167,35.876573995542664,35
2,Basin and Range,ccpa,16,-0.7983603239329025,34.18073980435683,35
2,Basin and Range,ridge_support_only,32,-0.03145433339116388,25.886188211310653,35
2,Basin and Range,ridge_refit,32,-7.973853328029934,76.3541392373142,35
2,Basin and Range,mlp_finetune,32,-2.7047622213968583,49.059517406453146,35
2,Basin and Range,ccpa_no_climate,32,-0.9321389524724804,35.429276208795905,35
2,Basin and Range,ccpa,32,-0.7557728164802189,33.77359277030339,35
2,Basin and Range,ridge_support_only,64,-0.2718447434055611,28.744856954845705,35
2,Basin and Range,ridge_refit,64,-6.603647918666597,70.2836166957085,35
2,Basin and Range,mlp_finetune,64,-2.2292535946323695,45.80302674874684,35
2,Basin and Range,ccpa_no_climate,64,-1.2150652705098932,37.93467486073623,35
2,Basin and Range,ccpa,64,-0.9671588644783782,35.74891121020581,35
3,Southern Seaboard,ridge,0,-0.15367050611324862,33.36285292445373,2617
3,Southern Seaboard,mlp,0,-0.8437557905683266,42.176834803625695,2617
3,Southern Seaboard,ridge_support_only,8,-0.4349196447843402,37.207978594630724,2617
3,Southern Seaboard,ridge_refit,8,-0.15414123778533217,33.369658745424715,2617
3,Southern Seaboard,mlp_finetune,8,-0.5783988520782912,39.02389947033124,2617
3,Southern Seaboard,ccpa_no_climate,8,-0.523686930832058,38.34159339079341,2617
3,Southern Seaboard,ccpa,8,-0.623351715632406,39.57569935406957,2617
3,Southern Seaboard,ridge_support_only,16,-0.6242494292593759,39.58664052409606,2617
3,Southern Seaboard,ridge_refit,16,-0.15426902817651378,33.37150609459292,2617
3,Southern Seaboard,mlp_finetune,16,-0.5621517263982265,38.82253521285251,2617
3,Southern Seaboard,ccpa_no_climate,16,-0.5641263497803981,38.84706409647055,2617
3,Southern Seaboard,ccpa,16,-0.6858271950886199,40.33005494616671,2617
3,Southern Seaboard,ridge_support_only,32,-0.08993066318846554,32.42811626269153,2617
3,Southern Seaboard,ridge_refit,32,-0.1541125263136145,33.369243675786535,2617
3,Southern Seaboard,mlp_finetune,32,-0.45761009135318065,37.50101039673598,2617
3,Southern Seaboard,ccpa_no_climate,32,-0.5810786753651751,39.05701302841024,2617
3,Southern Seaboard,ccpa,32,-0.6888515826292698,40.36621495699331,2617
3,Southern Seaboard,ridge_support_only,64,-0.0416477443337111,31.70171262981917,2617
3,Southern Seaboard,ridge_refit,64,-0.15234790022679667,33.34372330315566,2617
3,Southern Seaboard,mlp_finetune,64,-0.4828174804189571,37.823885010205075,2617
3,Southern Seaboard,ccpa_no_climate,64,-0.602198404303961,39.317005514361426,2617
3,Southern Seaboard,ccpa,64,-0.8053373367464345,41.73510091886876,2617
3,Northern Crescent,ridge,0,-0.13427384339052928,28.194072138192425,2490
3,Northern Crescent,mlp,0,-0.15601142968951764,28.462950138503277,2490
3,Northern Crescent,ridge_support_only,8,-0.19939433412059082,28.992111379231975,2490
3,Northern Crescent,ridge_refit,8,-0.131730070412587,28.162439753011782,2490
3,Northern Crescent,mlp_finetune,8,-0.03346739733654913,26.91207833453774,2490
3,Northern Crescent,ccpa_no_climate,8,-0.0718508507957476,27.40728566671557,2490
3,Northern Crescent,ccpa,8,-0.03017302770318886,26.869150468388145,2490
3,Northern Crescent,ridge_support_only,16,0.08811715377417406,25.279493666098872,2490
3,Northern Crescent,ridge_refit,16,-0.13215214467220804,28.16769079880277,2490
3,Northern Crescent,mlp_finetune,16,-0.14797331799767588,28.363821589877677,2490
3,Northern Crescent,ccpa_no_climate,16,-0.29487230796494646,30.12397784776523,2490
3,Northern Crescent,ccpa,16,-0.1668422226338533,28.595975472938335,2490
3,Northern Crescent,ridge_support_only,32,-0.07688959790797223,27.471630655765154,2490
3,Northern Crescent,ridge_refit,32,-0.13334899046732773,28.182575493170166,2490
3,Northern Crescent,mlp_finetune,32,-0.1271810155399984,28.105782478711347,2490
3,Northern Crescent,ccpa_no_climate,32,-0.3405486808887903,30.650682032618864,2490
3,Northern Crescent,ccpa,32,-0.09817934719794486,27.74185413703651,2490
3,Northern Crescent,ridge_support_only,64,0.10278857208194236,25.07530627469128,2490
3,Northern Crescent,ridge_refit,64,-0.1298948056273148,28.139595743558385,2490
3,Northern Crescent,mlp_finetune,64,-0.050069349144219455,27.127379243658215,2490
3,Northern Crescent,ccpa_no_climate,64,-0.28463049826695097,30.004608339284623,2490
3,Northern Crescent,ccpa,64,-0.06089361142009864,27.266837193939534,2490
3,Heartland,ridge,0,-0.6743344569873289,38.87516517922562,1413
3,Heartland,mlp,0,0.1174193617811039,28.2246352235041,1413
3,Heartland,ridge_support_only,8,0.06299867928551306,29.081797187623362,1413
3,Heartland,ridge_refit,8,-0.6722027201382608,38.85040966628024,1413
3,Heartland,mlp_finetune,8,0.2317675524987266,26.332825612250065,1413
3,Heartland,ccpa_no_climate,8,-0.27799698632950465,33.963782789131585,1413
3,Heartland,ccpa,8,-0.17329168832851138,32.54274153842015,1413
3,Heartland,ridge_support_only,16,0.09358169427734142,28.60325604785517,1413
3,Heartland,ridge_refit,16,-0.6697106738281786,38.82144992448264,1413
3,Heartland,mlp_finetune,16,0.2104528519829928,26.695630004088624,1413
3,Heartland,ccpa_no_climate,16,-0.2524047326282026,33.621995828028915,1413
3,Heartland,ccpa,16,-0.11927844864033177,31.78485325493841,1413
3,Heartland,ridge_support_only,32,0.10186261200819136,28.472298477153707,1413
3,Heartland,ridge_refit,32,-0.6650066806347585,38.76672648071453,1413
3,Heartland,mlp_finetune,32,0.22429471103583676,26.46058955086916,1413
3,Heartland,ccpa_no_climate,32,-0.20430421181020164,32.97002242229729,1413
3,Heartland,ccpa,32,0.03227889899445546,29.554678904019575,1413
3,Heartland,ridge_support_only,64,0.18551160591688898,27.11399989501293,1413
3,Heartland,ridge_refit,64,-0.6555158948958244,38.65608052715747,1413
3,Heartland,mlp_finetune,64,0.23459335400266357,26.2843507712708,1413
3,Heartland,ccpa_no_climate,64,-0.22844277863690055,33.29880174483231,1413
3,Heartland,ccpa,64,0.03235326763336466,29.553543254776024,1413
3,Northern Great Plains,ridge,0,-0.3370567422539743,51.717873919431135,1362
3,Northern Great Plains,mlp,0,-1.0893957503351297,64.6511266317124,1362
3,Northern Great Plains,ridge_support_only,8,-0.2323475851180048,49.651497690185884,1362
3,Northern Great Plains,ridge_refit,8,-0.3334436730183379,51.64794918842213,1362
3,Northern Great Plains,mlp_finetune,8,-0.6666131016704555,57.74084559908025,1362
3,Northern Great Plains,ccpa_no_climate,8,-0.45942146108704196,54.03263013200755,1362
3,Northern Great Plains,ccpa,8,-0.4277063335343121,53.442305702995796,1362
3,Northern Great Plains,ridge_support_only,16,-0.5019437996971967,54.81413752842995,1362
3,Northern Great Plains,ridge_refit,16,-0.33635929324821934,51.704383360763416,1362
3,Northern Great Plains,mlp_finetune,16,-0.5466277651106177,55.62354259693886,1362
3,Northern Great Plains,ccpa_no_climate,16,-0.5984447933198396,56.54765042842579,1362
3,Northern Great Plains,ccpa,16,-0.6663044229449391,57.735498168423085,1362
3,Northern Great Plains,ridge_support_only,32,-0.14077821712144178,47.77122233517082,1362
3,Northern Great Plains,ridge_refit,32,-0.32627673905933907,51.50896463060053,1362
3,Northern Great Plains,mlp_finetune,32,-0.17847656689223768,48.55413478561395,1362
3,Northern Great Plains,ccpa_no_climate,32,-0.3937939250082294,52.80378177433481,1362
3,Northern Great Plains,ccpa,32,-0.4317209883025943,53.517391799419386,1362
3,Northern Great Plains,ridge_support_only,64,-0.10183022447878831,46.94864739406404,1362
3,Northern Great Plains,ridge_refit,64,-0.31887498604225994,51.36503160110309,1362
3,Northern Great Plains,mlp_finetune,64,-0.07739675708941318,46.42517782510231,1362
3,Northern Great Plains,ccpa_no_climate,64,-0.3614422590680977,52.187363558827926,1362
3,Northern Great Plains,ccpa,64,-0.3273830459240552,51.530443120369526,1362
3,Prairie Gateway,ridge,0,-0.6420928481019992,55.61185667438508,390
3,Prairie Gateway,mlp,0,-1.0507641330936308,62.14789118022747,390
3,Prairie Gateway,ridge_support_only,8,0.3019402952093365,36.25891670102215,390
3,Prairie Gateway,ridge_refit,8,-0.6338554395803524,55.47219540941597,390
3,Prairie Gateway,mlp_finetune,8,-0.11537490982138965,45.83307287386694,390
3,Prairie Gateway,ccpa_no_climate,8,-0.16944144012528684,46.93078079393589,390
3,Prairie Gateway,ccpa,8,-0.4927993507018389,53.02360589057339,390
3,Prairie Gateway,ridge_support_only,16,0.22307361768220269,38.25238116057819,390
3,Prairie Gateway,ridge_refit,16,-0.6246296332916044,55.315357717989244,390
3,Prairie Gateway,mlp_finetune,16,-0.22693829081236783,48.07063954841885,390
3,Prairie Gateway,ccpa_no_climate,16,-0.11732771502440276,45.87317773951345,390
3,Prairie Gateway,ccpa,16,-0.5307321182628342,53.693057778427445,390
3,Prairie Gateway,ridge_support_only,32,0.3255599232536598,35.640207558487134,390
3,Prairie Gateway,ridge_refit,32,-0.614837598176482,55.14840626434692,390
3,Prairie Gateway,mlp_finetune,32,-0.05905924621250147,44.66102314140228,390
3,Prairie Gateway,ccpa_no_climate,32,-0.2083385418542154,47.704885094887175,390
3,Prairie Gateway,ccpa,32,-0.6585491822903478,55.88982081798894,390
3,Prairie Gateway,ridge_support_only,64,0.34301539950508786,35.175974274021975,390
3,Prairie Gateway,ridge_refit,64,-0.579701124076675,54.54513281784556,390
3,Prairie Gateway,mlp_finetune,64,0.07719840813225076,41.68911804746784,390
3,Prairie Gateway,ccpa_no_climate,64,-0.0882431225377942,45.272190209761,390
3,Prairie Gateway,ccpa,64,-0.43123550607434424,51.91873362616379,390
3,Basin and Range,ridge,0,-8.867900945078295,79.13305712949568,35
3,Basin and Range,mlp,0,-13.138204125041698,94.72021544442272,35
3,Basin and Range,ridge_support_only,8,-2.6566334622245544,48.171067204463085,35
3,Basin and Range,ridge_refit,8,-8.357151439129488,77.05793782522605,35
3,Basin and Range,mlp_finetune,8,-0.5058758339366713,30.912927497447328,35
3,Basin and Range,ccpa_no_climate,8,-0.8431855037967093,34.20031266325063,35
3,Basin and Range,ccpa,8,-1.3192464990311454,38.36356944231722,35
3,Basin and Range,ridge_support_only,16,-0.40498409586091544,29.859412427970256,35
3,Basin and Range,ridge_refit,16,-7.799310703100453,74.72568069339125,35
3,Basin and Range,mlp_finetune,16,-0.23023724934021894,27.940874178439753,35
3,Basin and Range,ccpa_no_climate,16,-0.9956542351350695,35.58673976026079,35
3,Basin and Range,ccpa,16,-1.4678018192069082,39.57315657581365,35
3,Basin and Range,ridge_support_only,32,0.050924884666464165,24.541202927267335,35
3,Basin and Range,ridge_refit,32,-6.860905446372271,70.62880196162531,35
3,Basin and Range,mlp_finetune,32,-0.46006537481599596,30.439092774604777,35
3,Basin and Range,ccpa_no_climate,32,-0.7386779264548549,33.2165959437806,35
3,Basin and Range,ccpa,32,-1.1914545948124204,37.29166651183397,35
3,Basin and Range,ridge_support_only,64,0.02155317426492631,24.918056584504168,35
3,Basin and Range,ridge_refit,64,-5.274911005927087,63.10290295576721,35
3,Basin and Range,mlp_finetune,64,-0.6756799003582394,32.60927051652504,35
3,Basin and Range,ccpa_no_climate,64,-0.6466381087808111,32.32545410283567,35
3,Basin and Range,ccpa,64,-0.6916975363011686,32.76475401489119,35
4,Southern Seaboard,ridge,0,-0.15276726061077794,33.47116472364434,2617
4,Southern Seaboard,mlp,0,-0.9622412691080913,43.669298042703204,2617
4,Southern Seaboard,ridge_support_only,8,-0.18735990198858476,33.969659796192865,2617
4,Southern Seaboard,ridge_refit,8,-0.15291433538207122,33.473299849726715,2617
4,Southern Seaboard,mlp_finetune,8,-0.6062182755602892,39.50956878793306,2617
4,Southern Seaboard,ccpa_no_climate,8,-0.6410367619196784,39.93550340684925,2617
4,Southern Seaboard,ccpa,8,-0.6811510364292215,40.42065758787877,2617
4,Southern Seaboard,ridge_support_only,16,-0.3398305545508742,36.08485354895867,2617
4,Southern Seaboard,ridge_refit,16,-0.15307250260450345,33.475595856086485,2617
4,Southern Seaboard,mlp_finetune,16,-0.610125302510818,39.557591897741126,2617
4,Southern Seaboard,ccpa_no_climate,16,-0.6867452913522134,40.48785430492774,2617
4,Southern Seaboard,ccpa,16,-0.644287969659888,39.97504376805183,2617
4,Southern Seaboard,ridge_support_only,32,-0.1565091541520971,33.52544457134152,2617
4,Southern Seaboard,ridge_refit,32,-0.15294506771547312,33.47374598250699,2617
4,Southern Seaboard,mlp_finetune,32,-0.618389041395647,39.65897383646948,2617
4,Southern Seaboard,ccpa_no_climate,32,-0.672539002933233,40.31699319268665,2617
4,Southern Seaboard,ccpa,32,-0.7135679254635303,40.808503646269706,2617
4,Southern Seaboard,ridge_support_only,64,-0.025216871191507728,31.565151671925204,2617
4,Southern Seaboard,ridge_refit,64,-0.15082914727613272,33.44301584996305,2617
4,Southern Seaboard,mlp_finetune,64,-0.6362289800440535,39.87696053083089,2617
4,Southern Seaboard,ccpa_no_climate,64,-0.7066874760702289,40.72649252186145,2617
4,Southern Seaboard,ccpa,64,-0.680183619332499,40.4090258958052,2617
4,Northern Crescent,ridge,0,-0.13324953185088373,28.174029171150707,2490
4,Northern Crescent,mlp,0,-0.3282814176124602,30.50220490875942,2490
4,Northern Crescent,ridge_support_only,8,-0.2332815652827056,29.39119916392968,2490
4,Northern Crescent,ridge_refit,8,-0.13031927730576087,28.137580661364417,2490
4,Northern Crescent,mlp_finetune,8,-0.11376157395945619,27.93073091590935,2490
4,Northern Crescent,ccpa_no_climate,8,-0.2900025572571776,30.059480549901444,2490
4,Northern Crescent,ccpa,8,-0.16078673280133948,28.51427958721128,2490
4,Northern Crescent,ridge_support_only,16,-0.09592572470961302,27.706186061059867,2490
4,Northern Crescent,ridge_refit,16,-0.130483378880331,28.13962311689217,2490
4,Northern Crescent,mlp_finetune,16,-0.1709933373826633,28.639365881011038,2490
4,Northern Crescent,ccpa_no_climate,16,-0.3642238621810776,30.912135370944327,2490
4,Northern Crescent,ccpa,16,-0.31489719413239814,30.34814043538577,2490
4,Northern Crescent,ridge_support_only,32,-0.010916260044060433,26.609932736852368,2490
4,Northern Crescent,ridge_refit,32,-0.12879617761374584,28.11861664464252,2490
4,Northern Crescent,mlp_finetune,32,-0.14925192194769488,28.37225177562638,2490
4,Northern Crescent,ccpa_no_climate,32,-0.34468538005922333,30.689974480976794,2490
4,Northern Crescent,ccpa,32,-0.3278362789891329,30.49709347413973,2490
4,Northern Crescent,ridge_support_only,64,0.00791136749856669,26.360972162169492,2490
4,Northern Crescent,ridge_refit,64,-0.12378127409633155,28.05608581760662,2490
4,Northern Crescent,mlp_finetune,64,-0.11431006247170328,27.937607522072895,2490
4,Northern Crescent,ccpa_no_climate,64,-0.25234069054322905,29.6174341565093,2490
4,Northern Crescent,ccpa,64,-0.18149157753674894,28.767458866737027,2490
4,Heartland,ridge,0,-0.6958864998520704,38.79001643249771,1413
4,Heartland,mlp,0,0.022817287279202292,29.444857694293873,1413
4,Heartland,ridge_support_only,8,-0.08520889516852126,31.029747710589056,1413
4,Heartland,ridge_refit,8,-0.6944254357870823,38.77330337087699,1413
4,Heartland,mlp_finetune,8,0.14753238087998177,27.50176189834492,1413
4,Heartland,ccpa_no_climate,8,-0.3405507596517501,34.48761833341511,1413
4,Heartland,ccpa,8,-0.10644119429379906,31.33182848410593,1413
4,Heartland,ridge_support_only,16,0.07395499205021927,28.664054410910225,1413
4,Heartland,ridge_refit,16,-0.6926057838731599,38.752478356560765,1413
4,Heartland,mlp_finetune,16,0.16906252085207896,27.152245151918375,1413
4,Heartland,ccpa_no_climate,16,-0.32321479594198177,34.26389624572372,1413
4,Heartland,ccpa,16,-0.13434789436116001,31.72449420428726,1413
4,Heartland,ridge_support_only,32,0.20311579902122656,26.5900516165456,1413
4,Heartland,ridge_refit,32,-0.6889226172440508,38.71029205176857,1413
4,Heartland,mlp_finetune,32,0.19074939066815533,26.795575538312395,1413
4,Heartland,ccpa_no_climate,32,-0.3554939827720407,34.679303706910616,1413
4,Heartland,ccpa,32,-0.12593660276558127,31.606655363416845,1413
4,Heartland,ridge_support_only,64,0.2001349112478482,26.6397376152083,1413
4,Heartland,ridge_refit,64,-0.6801877847990103,38.61006062869405,1413
4,Heartland,mlp_finetune,64,0.1929021681390246,26.7599108595989,1413
4,Heartland,ccpa_no_climate,64,-0.3109439456539591,34.10465284697976,1413
4,Heartland,ccpa,64,-0.05448500712136628,30.587344655427245,1413
4,Northern Great Plains,ridge,0,-0.3333916123049945,51.490671365040924,1362
4,Northern Great Plains,mlp,0,-0.8425877855698232,60.52904041541836,1362
4,Northern Great Plains,ridge_support_only,8,-0.0150306366490367,44.92512253990645,1362
4,Northern Great Plains,ridge_refit,8,-0.3227306575817155,51.2844148673035,1362
4,Northern Great Plains,mlp_finetune,8,0.08605382276019857,42.629477079133025,1362
4,Northern Great Plains,ccpa_no_climate,8,-0.0007865976323531143,44.60878918637075,1362
4,Northern Great Plains,ccpa,8,0.014578109251037863,44.265033565218616,1362
4,Northern Great Plains,ridge_support_only,16,-0.05739388421970415,45.85303556121783,1362
4,Northern Great Plains,ridge_refit,16,-0.31563406104423763,51.14665656260616,1362
4,Northern Great Plains,mlp_finetune,16,0.11686434583724847,41.90476449785002,1362
4,Northern Great Plains,ccpa_no_climate,16,-0.06446733565784935,46.00614719441092,1362
4,Northern Great Plains,ccpa,16,-0.04452441423570308,45.57314421042557,1362
4,Northern Great Plains,ridge_support_only,32,0.06474423484326863,43.1235883808261,1362
4,Northern Great Plains,ridge_refit,32,-0.305465937529227,50.94862494630094,1362
4,Northern Great Plains,mlp_finetune,32,0.13420529074709409,41.491311129852136,1362
4,Northern Great Plains,ccpa_no_climate,32,-0.1442579512035964,47.69926252282895,1362
4,Northern Great Plains,ccpa,32,-0.14794952316548882,47.77614355663855,1362
4,Northern Great Plains,ridge_support_only,64,-0.020744910857145582,45.05140157505029,1362
4,Northern Great Plains,ridge_refit,64,-0.2975783024306231,50.794475761663115,1362
4,Northern Great Plains,mlp_finetune,64,0.10658956622194649,42.147828580998066,1362
4,Northern Great Plains,ccpa_no_climate,64,-0.22158448163582856,49.2846241049699,1362
4,Northern Great Plains,ccpa,64,-0.30070202743957153,50.85557904783544,1362
4,Prairie Gateway,ridge,0,-0.5959567112951536,55.89152647536896,390
4,Prairie Gateway,mlp,0,-0.6732747845329101,57.22938125947428,390
4,Prairie Gateway,ridge_support_only,8,0.3023447175979359,36.95352403278766,390
4,Prairie Gateway,ridge_refit,8,-0.5898587218150593,55.78464634293736,390
4,Prairie Gateway,mlp_finetune,8,0.07341999374996977,42.5869835218036,390
4,Prairie Gateway,ccpa_no_climate,8,-0.26115331696479127,49.68432117196117,390
4,Prairie Gateway,ccpa,8,-0.2742359530856484,49.94135767438649,390
4,Prairie Gateway,ridge_support_only,16,0.31706387378160283,36.56162253734064,390
4,Prairie Gateway,ridge_refit,16,-0.5751888423607499,55.52668299164485,390
4,Prairie Gateway,mlp_finetune,16,0.06754232363405555,42.72184318579048,390
4,Prairie Gateway,ccpa_no_climate,16,-0.29859277919042726,50.41640900829452,390
4,Prairie Gateway,ccpa,16,-0.40159057705251633,52.37764909971314,390
4,Prairie Gateway,ridge_support_only,32,0.353319870262108,35.57788898699115,390
4,Prairie Gateway,ridge_refit,32,-0.5632810585949242,55.31640532141282,390
4,Prairie Gateway,mlp_finetune,32,0.06120849187271826,42.8666942708748,390
4,Prairie Gateway,ccpa_no_climate,32,-0.23656187743618884,49.19753506349584,390
4,Prairie Gateway,ccpa,32,-0.42889027186047257,52.88528596210727,390
4,Prairie Gateway,ridge_support_only,64,0.34968722656939744,35.677676189532576,390
4,Prairie Gateway,ridge_refit,64,-0.5261572423099079,54.65564932947708,390
4,Prairie Gateway,mlp_finetune,64,0.07589727795412182,42.53001560162383,390
4,Prairie Gateway,ccpa_no_climate,64,-0.24997077515911426,49.46355733224621,390
4,Prairie Gateway,ccpa,64,-0.41695304865976945,52.66391574250014,390
4,Basin and Range,ridge,0,-7.647821267683305,88.42215297045693,35
4,Basin and Range,mlp,0,-6.48354979250128,82.25485838726242,35
4,Basin and Range,ridge_support_only,8,-0.6325908668142473,38.419031623728245,35
4,Basin and Range,ridge_refit,8,-7.129845100083289,85.73316724155356,35
4,Basin and Range,mlp_finetune,8,-0.9774046139259338,42.281998286248786,35
4,Basin and Range,ccpa_no_climate,8,-2.248974540268225,54.197703753597985,35
4,Basin and Range,ccpa,8,-0.5179032272964343,37.04501499109884,35
4,Basin and Range,ridge_support_only,16,-0.042065678920427896,30.694126516442136,35
4,Basin and Range,ridge_refit,16,-6.794601544560529,83.94690564464351,35
4,Basin and Range,mlp_finetune,16,-0.9719594913965273,42.22374278979427,35
4,Basin and Range,ccpa_no_climate,16,-2.4562349060919844,55.89968475557052,35
4,Basin and Range,ccpa,16,-0.6351435900424884,38.449055939528776,35
4,Basin and Range,ridge_support_only,32,-0.28247429243711175,34.051172192493624,35
4,Basin and Range,ridge_refit,32,-6.147695278030091,80.3879118004852,35
4,Basin and Range,mlp_finetune,32,-0.30075350685195046,34.29298072835721,35
4,Basin and Range,ccpa_no_climate,32,-3.1634082280115035,61.352495289691994,35
4,Basin and Range,ccpa,32,-0.8830307529212447,41.26068550770958,35
4,Basin and Range,ridge_support_only,64,0.049810046835995325,29.309806395684205,35
4,Basin and Range,ridge_refit,64,-5.133771775993267,74.4683170505705,35
4,Basin and Range,mlp_finetune,64,-0.3597325127825348,35.06182144788309,35
4,Basin and Range,ccpa_no_climate,64,-2.5143311149758403,56.367538679765296,35
4,Basin and Range,ccpa,64,-0.7743010105740293,40.05173948448394,35
