seed,held_out_region,method,r2,rmse,n_query
0,Southern Seaboard,ridge,-0.15367529643087052,33.45285124573328,2649
0,Southern Seaboard,mlp,-0.825431554072791,42.07984383953163,2649
0,Southern Seaboard,ridge_support_only,-0.25401008395787494,34.877219708029564,2649
0,Southern Seaboard,ridge_refit,-0.1530342206248676,33.443555391982514,2649
0,Southern Seaboard,mlp_finetune,-0.6092240022751361,39.50932350563161,2649
0,Southern Seaboard,ccpa_no_climate,-0.7144754610639643,40.78091628876861,2649
0,Southern Seaboard,ccpa,-0.8482607871630146,42.342155968497735,2649
0,Northern Crescent,ridge,-0.12942115492945416,28.176927379488614,2522
0,Northern Crescent,mlp,-0.3421587925335079,30.716209710185495,2522
0,Northern Crescent,ridge_support_only,-0.1109647922375454,27.945753343028098,2522
0,Northern Crescent,ridge_refit,-0.12072277952169963,28.06821362753193,2522
0,Northern Crescent,mlp_finetune,-0.13706930848701315,28.272169914209936,2522
0,Northern Crescent,ccpa_no_climate,-0.19194190577865067,28.946310608184422,2522
0,Northern Crescent,ccpa,-0.1258861568143823,28.132797053888535,2522
0,Heartland,ridge,-0.6984716995383213,38.85465160951671,1445
0,Heartland,mlp,-0.117277530955884,31.513337032859354,1445
0,Heartland,ridge_support_only,0.13409133862214806,27.742775253087324,1445
0,Heartland,ridge_refit,-0.6882009520340129,38.73699541280331,1445
0,Heartland,mlp_finetune,0.16089440171423885,27.31002961248258,1445
0,Heartland,ccpa_no_climate,-0.36143668442364296,34.78664827344034,1445
0,Heartland,ccpa,-0.17930045627562574,32.37621646362963,1445
0,Northern Great Plains,ridge,-0.32137086034159656,51.3326852747413,1394
0,Northern Great Plains,mlp,-0.3318640132788777,51.536101516513604,1394
0,Northern Great Plains,ridge_support_only,0.023076556881372667,44.13792236203556,1394
0,Northern Great Plains,ridge_refit,-0.2972409293628713,50.861825324006126,1394
0,Northern Great Plains,mlp_finetune,0.17373005112867468,40.59220093256602,1394
0,Northern Great Plains,ccpa_no_climate,-0.3970077466491151,52.78141487521154,1394
0,Northern Great Plains,ccpa,-0.18410060262040817,48.593247244123546,1394
0,Prairie Gateway,ridge,-0.5736812464221717,55.543743744214815,422
0,Prairie Gateway,mlp,-0.9011962268716263,61.050642069519334,422
0,Prairie Gateway,ridge_support_only,0.2778415898841745,37.626428805814136,422
0,Prairie Gateway,ridge_refit,-0.5238873915594691,54.657932730960425,422
0,Prairie Gateway,mlp_finetune,-0.1724004881545531,47.94184673909775,422
0,Prairie Gateway,ccpa_no_climate,-0.05608068016888179,45.50145798431899,422
0,Prairie Gateway,ccpa,-0.34364012599913263,51.323734113012854,422
0,Basin and Range,ridge,-7.353031605958336,81.44277762360105,67
0,Basin and Range,mlp,-7.354766213712505,81.45123347213853,67
0,Basin and Range,ridge_support_only,-0.03790732778236805,28.70845387245961,67
0,Basin and Range,ridge_refit,-5.585505393081624,72.31444700886307,67
0,Basin and Range,mlp_finetune,-0.9610100737778902,39.46121263870484,67
0,Basin and Range,ccpa_no_climate,-0.517735402606667,34.7159094483397,67
0,Basin and Range,ccpa,-0.7339872657378181,37.10679683961855,67
1,Southern Seaboard,ridge,-0.15421683773399675,33.39057872063879,2649
1,Southern Seaboard,mlp,-1.1233179745977995,45.28848174483059,2649
1,Southern Seaboard,ridge_support_only,-0.20666319704874114,34.140767263491455,2649
1,Southern Seaboard,ridge_refit,-0.1528918963980257,33.371408466008006,2649
1,Southern Seaboard,mlp_finetune,-0.6852039975178958,40.34655737033509,2649
1,Southern Seaboard,ccpa_no_climate,-0.858602160017808,42.371463263481566,2649
1,Southern Seaboard,ccpa,-0.907450766365347,42.92466476184763,2649
1,Northern Crescent,ridge,-0.13259049784407329,28.178753913921646,2522
1,Northern Crescent,mlp,-0.16055915329897474,28.524560926266357,2522
1,Northern Crescent,ridge_support_only,-0.03648907066653306,26.956759935337935,2522
1,Northern Crescent,ridge_refit,-0.12820981476832305,28.124205608167063,2522
1,Northern Crescent,mlp_finetune,-0.07949040148824627,27.510261591346016,2522
1,Northern Crescent,ccpa_no_climate,-0.2740689315266145,29.886963298281756,2522
1,Northern Crescent,ccpa,-0.10832666473854213,27.8752787161326,2522
1,Heartland,ridge,-0.6830459194410967,38.72272084826919,1445
1,Heartland,mlp,-0.0377284627778085,30.406031921727937,1445
1,Heartland,ridge_support_only,-0.009485935640492604,29.98941672406946,1445
1,Heartland,ridge_refit,-0.6709857878523029,38.583734529794754,1445
1,Heartland,mlp_finetune,0.21086773143271076,26.515070368946233,1445
1,Heartland,ccpa_no_climate,-0.16219951512856223,32.17793927127398,1445
1,Heartland,ccpa,0.1814449620705153,27.004853503087254,1445
1,Northern Great Plains,ridge,-0.3234238303794097,51.47960464316276,1394
1,Northern Great Plains,mlp,-0.7281060485596225,58.826217289043186,1394
1,Northern Great Plains,ridge_support_only,-0.14632051179804084,47.91138875148413,1394
1,Northern Great Plains,ridge_refit,-0.3035179447380607,51.09098018613668,1394
1,Northern Great Plains,mlp_finetune,0.13421590182181165,41.6380641626628,1394
1,Northern Great Plains,ccpa_no_climate,-0.2468157469322021,49.967413229884485,1394
1,Northern Great Plains,ccpa,-0.07402965646528914,46.3760616134601,1394
1,Prairie Gateway,ridge,-0.6542351460309352,55.202829206307584,422
1,Prairie Gateway,mlp,-0.5702651604718394,53.78351873237594,422
1,Prairie Gateway,ridge_support_only,0.24036668569550124,37.40801950697955,422
1,Prairie Gateway,ridge_refit,-0.6284218542225508,54.77043316282827,422
1,Prairie Gateway,mlp_finetune,0.03336029717768596,42.198307160714656,422
1,Prairie Gateway,ccpa_no_climate,-0.44332835231465917,51.56384401779291,422
1,Prairie Gateway,ccpa,-0.43615206945764595,51.435495594705365,422
1,Basin and Range,ridge,-10.946037470828138,81.67856494381881,67
1,Basin and Range,mlp,-10.246191894961452,79.24993364896724,67
1,Basin and Range,ridge_support_only,0.10343162174712983,22.37627913926991,67
1,Basin and Range,ridge_refit,-8.539432688388045,72.98900384138187,67
1,Basin and Range,mlp_finetune,-1.5807880811331638,37.96403233540643,67
1,Basin and Range,ccpa_no_climate,-2.1559531051514673,41.981836519421314,67
1,Basin and Range,ccpa,-1.134228599205072,34.52364403778158,67
2,Southern Seaboard,ridge,-0.15324093428536312,33.44542358319975,2649
2,Southern Seaboard,mlp,-1.1555050749421318,45.72473538491821,2649
2,Southern Seaboard,ridge_support_only,-0.13288388390888706,33.14891937267272,2649
2,Southern Seaboard,ridge_refit,-0.15220811455756578,33.43044369922811,2649
2,Southern Seaboard,mlp_finetune,-0.7396759813754916,41.07814841968831,2649
2,Southern Seaboard,ccpa_no_climate,-0.7362735285559017,41.03795850242123,2649
2,Southern Seaboard,ccpa,-0.6882495278531591,40.466439539992635,2649
2,Northern Crescent,ridge,-0.1296950555772871,28.060783878564475,2522
2,Northern Crescent,mlp,-0.3891281543705589,31.11647136084769,2522
2,Northern Crescent,ridge_support_only,-0.21817185148729168,29.13892092442349,2522
2,Northern Crescent,ridge_refit,-0.1200836787325581,27.941159173592478,2522
2,Northern Crescent,mlp_finetune,-0.06962173709428066,27.304504203246967,2522
2,Northern Crescent,ccpa_no_climate,-0.2765566780650437,29.829037207447755,2522
2,Northern Crescent,ccpa,-0.06750677192377452,27.277496220898037,2522
2,Heartland,ridge,-0.6974144312524806,38.97788253469487,1445
2,Heartland,mlp,0.019589120118590486,29.622953607178463,1445
2,Heartland,ridge_support_only,0.10717590128482091,28.26879193838281,1445
2,Heartland,ridge_refit,-0.6901014336498372,38.89382738717838,1445
2,Heartland,mlp_finetune,0.11341602828838249,28.16983058681973,1445
2,Heartland,ccpa_no_climate,-0.1940786431024113,32.691945237267134,1445
2,Heartland,ccpa,-0.04162261063711936,30.53370438963058,1445
2,Northern Great Plains,ridge,-0.33061027288623235,51.40535745518715,1394
2,Northern Great Plains,mlp,-0.7281577429989918,58.58340876500934,1394
2,Northern Great Plains,ridge_support_only,-0.23517432335377553,49.527576209561126,1394
2,Northern Great Plains,ridge_refit,-0.315434482749148,51.11137429463818,1394
2,Northern Great Plains,mlp_finetune,-0.050510375056139534,45.67548003744613,1394
2,Northern Great Plains,ccpa_no_climate,-0.2677985748997662,50.17739109621841,1394
2,Northern Great Plains,ccpa,-0.2576858693064683,49.97686826165481,1394
2,Prairie Gateway,ridge,-0.6309178425527964,55.84165163397491,422
2,Prairie Gateway,mlp,-0.35456114612314305,50.891062729589706,422
2,Prairie Gateway,ridge_support_only,-0.021125759604477823,44.18570910150243,422
2,Prairie Gateway,ridge_refit,-0.5982158670096271,55.278968680694184,422
2,Prairie Gateway,mlp_finetune,0.05169025354114665,42.581143496841705,422
2,Prairie Gateway,ccpa_no_climate,-0.6728019602536051,56.5541497316898,422
2,Prairie Gateway,ccpa,-0.4149442231656344,52.012996344368574,422
2,Basin and Range,ridge,-7.174878976227506,83.23092650492669,67
2,Basin and Range,mlp,-6.296348387256325,78.63155141061368,67
2,Basin and Range,ridge_support_only,0.09757123833005377,27.653526820790876,67
2,Basin and Range,ridge_refit,-5.558179467849129,74.54795111267423,67
2,Basin and Range,mlp_finetune,-1.928505471642255,49.81579700996951,67
2,Basin and Range,ccpa_no_climate,-1.0158691578094041,41.33093530332019,67
2,Basin and Range,ccpa,-0.5100806453176567,35.772075094499506,67
3,Southern Seaboard,ridge,-0.1517605174196146,33.42983958617958,2649
3,Southern Seaboard,mlp,-0.8305570376895992,42.144881007580494,2649
3,Southern Seaboard,ridge_support_only,-0.09060390710021138,32.530199286239544,2649
3,Southern Seaboard,ridge_refit,-0.15221767327409763,33.43647340043917,2649
3,Southern Seaboard,mlp_finetune,-0.4484926011742387,37.48964602410343,2649
3,Southern Seaboard,ccpa_no_climate,-0.5840051434597437,39.20410042257429,2649
3,Southern Seaboard,ccpa,-0.676362254613998,40.33082779524974,2649
3,Northern Crescent,ridge,-0.13263048565085356,28.13483015988404,2522
3,Northern Crescent,mlp,-0.16086025188902164,28.48328956291994,2522
3,Northern Crescent,ridge_support_only,-0.08035409263247706,27.47788079516456,2522
3,Northern Crescent,ridge_refit,-0.13170898682506826,28.123382698082033,2522
3,Northern Crescent,mlp_finetune,-0.13238875932588767,28.131827727896273,2522
3,Northern Crescent,ccpa_no_climate,-0.3229446229827482,30.40682027426436,2522
3,Northern Crescent,ccpa,-0.16797911589775616,28.570491596621252,2522
3,Heartland,ridge,-0.6815281965093838,38.8778258506059,1445
3,Heartland,mlp,0.11380405013808859,28.223753694014537,1445
3,Heartland,ridge_support_only,0.10109375784611407,28.425433141865078,1445
3,Heartland,ridge_refit,-0.6721438621535207,38.769188667302615,1445
3,Heartland,mlp_finetune,0.22179678897319732,26.448217165422324,1445
3,Heartland,ccpa_no_climate,-0.24920758555090128,33.50944225769364,1445
3,Heartland,ccpa,-0.10082411371530875,31.456388515929792,1445
3,Northern Great Plains,ridge,-0.3349743464529753,51.54983084811856,1394
3,Northern Great Plains,mlp,-1.0824369819887845,64.38381671610495,1394
3,Northern Great Plains,ridge_support_only,-0.13889952322767551,47.61387089829558,1394
3,Northern Great Plains,ridge_refit,-0.3242931337374235,51.343189981169786,1394
3,Northern Great Plains,mlp_finetune,-0.17378624704972312,48.33762329356151,1394
3,Northern Great Plains,ccpa_no_climate,-0.37396931661636845,52.29730407597994,1394
3,Northern Great Plains,ccpa,-0.3685734453805396,52.19451170814242,1394
3,Prairie Gateway,ridge,-0.6115848267473523,55.91499808026241,422
3,Prairie Gateway,mlp,-0.9931707321498442,62.18333067488047,422
3,Prairie Gateway,ridge_support_only,0.3301704996849436,36.04822330946965,422
3,Prairie Gateway,ridge_refit,-0.5851028141935826,55.45368970085114,422
3,Prairie Gateway,mlp_finetune,-0.03641685551798712,44.84034683243169,422
3,Prairie Gateway,ccpa_no_climate,-0.07906676180056249,45.75366489834803,422
3,Prairie Gateway,ccpa,-0.44439010124848766,52.93512965495479,422
3,Basin and Range,ridge,-9.084010474941685,83.51990109279139,67
3,Basin and Range,mlp,-13.11363683087608,98.80815644062243,67
3,Basin and Range,ridge_support_only,0.07116544239901967,25.347930625308628,67
3,Basin and Range,ridge_refit,-7.182471797389137,75.23424825461997,67
3,Basin and Range,mlp_finetune,-0.6762664983629614,34.05217526016149,67
3,Basin and Range,ccpa_no_climate,-0.968364172921875,36.89997340138892,67
3,Basin and Range,ccpa,-1.184440670324491,38.872587888145475,67
4,Southern Seaboard,ridge,-0.15121072236320932,33.482374238342004,2649
4,Southern Seaboard,mlp,-0.9537214069009419,43.618442182146346,2649
4,Southern Seaboard,ridge_support_only,-0.15954957156616456,33.60342101091629,2649
4,Southern Seaboard,ridge_refit,-0.15141802018488693,33.485388678131365,2649
4,Southern Seaboard,mlp_finetune,-0.6124949491979457,39.62670983277941,2649
4,Southern Seaboard,ccpa_no_climate,-0.7327510900184946,41.077776124604966,2649
4,Southern Seaboard,ccpa,-0.7403452296741131,41.16769363227352,2649
4,Northern Crescent,ridge,-0.13275049038467346,28.178726106684408,2522
4,Northern Crescent,mlp,-0.3245013466816764,30.47055947598355,2522
4,Northern Crescent,ridge_support_only,-0.010872304199449623,26.619652104820666,2522
4,Northern Crescent,ridge_refit,-0.1282979644317359,28.12329022440258,2522
4,Northern Crescent,mlp_finetune,-0.144725440114587,28.3272811945046,2522
4,Northern Crescent,ccpa_no_climate,-0.4178712331712009,31.526272276500272,2522
4,Northern Crescent,ccpa,-0.37105851089512853,31.001465257106773,2522
4,Heartland,ridge,-0.7019904414776628,38.835005423762304,1445
4,Heartland,mlp,0.019367512071945425,29.477995644688406,1445
4,Heartland,ridge_support_only,0.1944832997356134,26.716655237571345,1445
4,Heartland,ridge_refit,-0.6950118329010275,38.75530677393369,1445
4,Heartland,mlp_finetune,0.1871460275894813,26.838057437787736,1445
4,Heartland,ccpa_no_climate,-0.3675544969467066,34.81105077959734,1445
4,Heartland,ccpa,-0.18422571945036004,32.39381191734711,1445
4,Northern Great Plains,ridge,-0.3230018786686144,51.31892124601604,1394
4,Northern Great Plains,mlp,-0.8353662862848017,60.44476078795077,1394
4,Northern Great Plains,ridge_support_only,0.06395285696318165,43.166431654928296,1394
4,Northern Great Plains,ridge_refit,-0.29542751769813824,50.78130382455566,1394
4,Northern Great Plains,mlp_finetune,0.12820847738730567,41.65849815748512,1394
4,Northern Great Plains,ccpa_no_climate,-0.11536539447779615,47.12006394687435,1394
4,Northern Great Plains,ccpa,-0.09079877983259887,46.59825031342953,1394
4,Prairie Gateway,ridge,-0.6372716346797818,55.87236552905848,422
4,Prairie Gateway,mlp,-0.7318218332014792,57.46299994780599,422
4,Prairie Gateway,ridge_support_only,0.35203551875713623,35.148944677542154,422
4,Prairie Gateway,ridge_refit,-0.6032964873095112,55.289620696464816,422
4,Prairie Gateway,mlp_finetune,0.033706741024225106,42.923108383206696,422
4,Prairie Gateway,ccpa_no_climate,-0.1792496329802047,47.417599577845955,422
4,Prairie Gateway,ccpa,-0.3317726988693319,50.39085692755216,422
4,Basin and Range,ridge,-7.4790909777078305,84.30867367345594,67
4,Basin and Range,mlp,-6.855711804031163,81.1503469224405,67
4,Basin and Range,ridge_support_only,-0.17311933097339538,31.359469353570653,67
4,Basin and Range,ridge_refit,-5.866441973720324,75.8688474720408,67
4,Basin and Range,mlp_finetune,-0.4114269598174056,34.39749481859351,67
4,Basin and Range,ccpa_no_climate,-2.858929844620202,56.87626265802698,67
4,Basin and Range,ccpa,-0.8572429599137399,39.457718483941655,67
